;0 Km;2025;2024;2023;2022;2021;2020;2019;2018;2017;2016;2015;2014;2013;2012
AGRALE;;null;null;null;null;;;;;;;;;null;null
MARRUA;;null;null;null;null;;;;;;;;;null;null
C/S 2,8 AM 100 4X4;;null;null;null;null;;;;;26353;24629;22776;20907;null;null
D/C 2,8 AM 100 4X4;;null;null;null;null;;;;;28305;26453;24171;22187;null;null
D/C 2,8 AM 150 4X4;;null;null;null;null;;;;;32209;30102;27425;25173;null;null
D/C 2,8 AM 200 4X4;;null;null;46327;44121;42020;40019;38114;;34649;32382;29749;27307;null;null
C/S 3,8 EUROVI AM 250 S/CAJA 4X4;111,660;122826;null;null;null;;;;;;;;;null;null
D/C 3,8 EUROVI AM 250 S/CAJA 4X4;119,708;131679;null;null;null;;;;AGR;ALE 0KM;EN US$;;;null;null
C/S 3,8 EUROVI AM 250 C/CAJA 4X4;118,972;130869;null;null;null;;;;;;;;;null;null
D/C 3,8 EUROVI AM 250 C/CAJA 4X4;125,847;138432;null;null;null;;;;;;;;;null;null
D/C 3,8 EUROVI AM 250 C/CAJA AT 4X4;141,194;155313;null;null;null;;;;;;;;;null;null
;;null;null;null;null;;;;;;;;;null;null
ALFA ROMEO;;null;null;null;null;;;;;;;;;null;null
159;;null;null;null;null;;;;;;;;;null;null
4P 1,8 TBI 200CV DISTINCTIVE;;null;null;null;null;;;;;;;;;23823;23276
4P 2,2 JTS 185CV S-SPEED CRO;;null;null;null;null;;;AL;FA 0KM;EN US$;;;;null;21758
4P 2,2 JTS 189CV S-SPEED DISTINCTIVE;;null;null;null;null;;;;;;;;24104;23326;22770
4P 3,2 JTS HIGHT 4X4 CA ELEGANCE;;null;null;null;null;;;;;;;;25398;24579;23992
BRERA;;null;null;null;null;;;;;;;;;null;null
COUPE 2,2 JTS S-SPEED 6TA;;null;null;null;null;;;;;;;;;null;32831
COUPE 3,2 MD 4X4 CA;;null;null;null;null;;;;;;;;;null;38564
GIULIA;;null;null;null;null;;;;;;;;;null;null
4P 2,0 T AT RDW 200CV DISTINCTIVE;;null;null;null;null;44922;42783;40644;38611;;;;;null;null
4P 2,0 T AT RDW 200CV DISTINCTIVE 2020;;null;null;58583;54244;51661;49201;;;;;;;null;null
4P 2,0 T AT AWD 280CV VELOCE;;null;null;null;null;55052;52431;49809;47319;;;;;null;null
4P 2,0 T AT AWD 280CV VELOCE 2020;79,800;79990;72662;69201;64075;61024;58118;;;;;;;null;null
4P 2,9 BT AT RDW 510CV QUADRIFOGLIO;;null;null;null;null;;119610;113630;105213;;;;;null;null
4P 2,9 BT AT RDW 510CV QUADRIFOGLIO 2020;;null;202810;192669;178397;169902;161812;;;;;;;null;null
4P 2,9 BT 8AT 520CV QV SUPER SPORT 2025;242,000;266200;null;null;null;;;;;;;;;null;null
GIULIETTA;;null;null;null;null;;;;;;;;;null;null
5P 1,4 120CV PROG. SPRINT M6;;null;null;null;null;;24904;24055;22182;21468;20253;;;null;null
5P 1,4 120CV PROG. SPRINT M6 CRO MILANO;;null;null;null;null;;26564;25658;23661;22899;21603;;;null;null
;0 Km;2025;2024;2023;2022;2021;2020;2019;2018;2017;2016;2015;2014;2013;2012
5P 1,4 120CV PROG. SPRINT M6 CRO MILANO TECHNOLOGY;;null;null;null;null;;27124;26199;24159;23381;22058;;;null;null
5P 1,4 120CV PROG. SPRINT M6 CRO MILANO NAV;;null;null;null;null;;;;24375;23590;;;;null;null
5P 1,4 120CV PROGRESSION;;null;null;null;null;;;;;;;18451;17603;16632;16240
5P 1,4 120CV PROGRESSION CRO MILANO;;null;null;null;null;;;;;;;19596;18695;17664;17247
5P 1,4 120CV DISTINCTIVE;;null;null;null;null;;;;;;;;17634;16661;16269
5P 1,4 170CV DISTINCTIVE;;null;null;null;null;;;;;;;19560;18661;17632;17216
5P 1,4 170CV DISTINCTIVE T/C;;null;null;null;null;;;;;;;20852;19894;18796;18353
5P 1,4 170CV DISTINCTIVE TCT AT;;null;null;null;null;;;;;;;22624;21584;20393;19912
5P 1,4 170CV DISTINCTIVE TCT T/C AT;;null;null;null;null;;;;;;;23708;22619;21371;20867
5P 1,4 170CV DISTINCTIVE TCT T/C AT CRO;;null;null;null;null;;;;;;;23634;22548;null;null
5P 1,4 170CV DISTINCTIVE TCT PREMIUM;;null;null;null;null;;;;;;;26358;25147;null;null
5P 1,4 170CV DISTINCTIVE TCT 6M;;null;null;null;null;;31261;30196;27845;26948;25423;;;null;null
5P 1,4 170CV DISTINCTIVE TCT 6M CRO MILANO;;null;null;null;null;;;;29323;28379;26773;;;null;null
5P 1,4 170CV DISTINCTIVE TCT 6M CRO MILANO TECHNOLOGY;;null;null;null;null;;;;29822;28862;27228;;;null;null
5P 1,4 170CV DISTINCTIVE TCT 6M CRO MILANO TECHNOLOGY T/C;;null;null;null;null;;;;31297;30289;28575;;;null;null
5P 1,4 170CV DISTINCTIVE TCT 6M ASIENTO ELEC;;null;null;null;null;;32478;31371;28928;27997;;;;null;null
5P 1,4 170CV DISTINCTIVE TCT 6M ASIENTO ELEC NAV;;null;null;null;null;;33380;32242;29732;28775;;;;null;null
5P 1,4 170CV TCT PROGRESSION AT;;null;null;null;null;;;;;;;20017;19097;18043;17618
5P 1,4 170CV TCT PROGRESSION AT CRO;;null;null;null;null;;;;;;;21194;20220;19104;18654
5P 1,8 TBI 235CV QUADRIFOGLIO;;null;null;null;null;;;;;;;28513;27202;25701;25096
5P 1,8 TBI 235CV QUADRIFOGLIO T/C;;null;null;null;null;;;;;;;29769;28400;26834;26201
5P 1,8 T 240CV QUADRIFOGLIO TCT VELOCE;;null;null;null;null;;;;37679;36465;34402;;;null;null
5P 1,8 T 240CV QUADRIFOGLIO TCT VELOCE T/C;;null;null;null;null;;;;39044;37787;35649;;;null;null
5P 1,8 TCT 240CV VELOCE;;null;null;null;null;;39912;38551;35550;34405;;;;null;null
5P 1,8 TCT 240CV VELOCE CRO ASIENTO ELEC;;null;null;null;null;;43730;42240;38951;37697;;;;null;null
5P 1,8 TCT 240CV VELOCE CRO ASIENTO ELEC NAV;;null;null;null;null;;44732;43207;39844;38561;;;;null;null
5P 1,8 TCT 240CV VELOCE GRIGIO RACER;;null;null;null;null;;41502;40088;;;;;;null;null
5P 1,8 TCT 240CV VELOCE 2020;;null;null;null;null;;42114;40678;;;;;;null;null
MiTo;;null;null;null;null;;;;;;;;;null;null
3P 1,4 JUNIOR;;null;null;null;null;;;;18393;17027;16224;14807;13855;12843;12353
3P 1,4 JUNIOR CRO MILANO;;null;null;null;null;;;;19811;18340;17475;15547;14547;13485;12970
3P 1,4 JUNIOR CRO MILANO TECHNOLOGY;;null;null;null;null;;;;20301;18794;17907;15829;;null;null
;0 Km;2025;2024;2023;2022;2021;2020;2019;2018;2017;2016;2015;2014;2013;2012
3P 1,4 JUNIOR CRO MILANO TECHNOLOGY NAV;;null;null;null;null;;;;21179;19606;;;;null;null
3P 1,4 PROGRESSION M5;;null;null;null;null;;24549;24068;20232;;;;;null;null
3P 1,4 PROGRESSION M5 CRO MILANO;;null;null;null;null;;26442;25923;21792;;;;;null;null
3P 1,4 PROGRESSION M5 CRO MILANO TECHNOLOGY;;null;null;null;null;;27095;26564;22331;;;;;null;null
3P 1,4 PACK RACER;;null;null;null;null;;;;;;16510;15588;;null;null
3P 1,4 MULTIAIR 6TA PROGRESSION;;null;null;null;null;;;;;;;;14806;13725;13201
3P 1,4 MULTIAIR 6TA PLUS;;null;null;null;null;;;;;;;;16362;15167;14588
3P 1,4 TBI 6TA DISTINCTIVE;;null;null;null;null;;;;;;;;15492;14361;13813
3P 1,4 TBI 6TA DISTINCTIVE T/C;;null;null;null;null;;;;;;;;16397;15200;14620
3P 1,4 T MULTIAIR 6TA DISTINCTIVE;;null;null;null;null;;;;;;;;16679;15462;14871
3P 1,4 T MULTIAIR 6TA DISTINCTIVE T/C;;null;null;null;null;;;;;;;;17574;16291;15669
3P 1,4 TBI 6TA QUADRIFOGLIO T/C;;null;null;null;null;;;;;;;;18608;17250;16591
3P 1,4 T PROGRESSION TCT 2012;;null;null;null;null;;;;;;;19547;18290;16955;16248
3P 1,4 T PROGRESSION TCT CRO MILANO 2012;;null;null;null;null;;;;;;;20640;19313;17903;17157
3P 1,4 T QV M6 CRO ALCANTARA 2013;;null;null;null;null;;;;;;;19583;18324;16986;null
3P 1,4 T QV M6 CRO ALCANTARA T/C 2013;;null;null;null;null;;;;;;;21115;19757;18315;null
3P 1,4 T QV M6 CRO MILANO 2013;;null;null;null;null;;;;;;;20884;19541;18115;null
3P 1,4 T QV M6 CRO MILANO T/C 2013;;null;null;null;null;;;;;;;21296;19926;18472;null
3P 1,4 T QV M6 CRO MILANO T/C PREMIUM 2013;;null;null;null;null;;;;;;;23310;21811;20218;null
3P 1,4 T QV M6 CRO MILANO T/C PACK RACER;;null;null;null;null;;;;;;;23470;;null;null
3P 1,4 T TCT DISTINCTIVE AT 2012;;null;null;null;null;;;;;;;21477;20096;18629;17853
3P 1,4 T TCT DISTINCTIVE T/C 2012;;null;null;null;null;;;;;;;22363;20924;19397;18589
3P 1,4 T 170CV VELOCE M6;;null;null;null;null;;26125;25613;21531;;;;;null;null
3P 1,4 T 170CV VELOCE M6 CRO MILANO;;null;null;null;null;;27693;27150;22823;;;;;null;null
3P 1,4 T 170CV VELOCE M6 CRO MILANO TECHNOLOGY;;null;null;null;null;;29286;28711;24136;;;;;null;null
3P 1,4 T 170CV VELOCE M6 CRO MILANO TECHNOLOGY NAV;;null;null;null;null;;30305;29711;24976;;;;;null;null
3P 1,4 T 170CV VELOCE M6 CRO MILANO TECHNOLOGY NAV SUNROOF;null;null;null;null;null;;31484;30867;25948;;;;;null;null
3P 1,4 T 170CV VELOCE TCT;;null;null;null;null;;;;24136;22344;21237;;;null;null
3P 1,4 T 170CV VELOCE TCT CRO MILANO;;null;null;null;null;;;;25486;23594;22425;;;null;null
3P 1,4 T 170CV VELOCE TCT CRO MILANO TECHNOLOGY;;null;null;null;null;;;;25948;24021;22831;;;null;null
3P 1,4 T 170CV VELOCE TCT CRO MILANO TECHNOLOGY NAV;;null;null;null;null;;32479;31842;26767;24780;;;;null;null
3P 1,4 T 170CV VELOCE TCT CRO MILANO TECHNOLOGY NAV SUNROOF;null;null;null;null;null;;33550;32892;27650;25597;;;;null;null
;0 Km;2025;2024;2023;2022;2021;2020;2019;2018;2017;2016;2014;2013;2012;null
3P 1,4 T 170CV QUADRIFOGLIO 6M;;null;null;null;null;;;;23508;21763;20685;;;null;null
3P 1,4 T 170CV QUADRIFOGLIO 6M CRO MILANO;;null;null;null;null;;;;24859;23014;21873;;;null;null
3P 1,4 T 170CV QUADRIFOGLIO 6M CRO MILANO TECHNOLOGY;;null;null;null;null;;;;25317;23438;22276;;;null;null
3P 1,4 T 170CV QUADRI 6M CRO MILA TECHNOLOGY RACER;;null;null;null;null;;;;26026;24094;22900;;;null;null
3P 1,4T SPORT 2012;;null;null;null;null;;;;;;;16417;15218;14637;null
3P 1,4T SPORT T/C 2012;;null;null;null;null;;;;;;;16877;15645;15048;null
SPIDER;;null;null;null;null;;;;;;;;;null;null
CABRIO 2,2 JTS S-SPEED 6TA;;null;null;null;null;;;;;;;;;43845;null
STELVIO;;null;null;null;null;;;;;;;;;null;null
5P 2,0 T AT AWD 200CV DISTINCTIVE;;null;null;null;null;52884;45684;44226;42800;;;;;null;null
5P 2,0 T AT AWD 200CV DISTINCTIVE 2020;;null;null;73853;68382;65126;56258;;;;;;;null;null
5P 2,0 T AT AWD 280CV VELOCE;null;null;null;null;null;75072;64850;63472;61426;null;null;null;null;null;null
5P 2,0 T AT AWD 280CV VELOCE 2020;;null;91741;87372;80900;77048;66557;;;;;FA 0KM;EN US$;null;null
5P 2,0 T AT AWD 280CV SUPER Q4 2021;86,000;100915;91741;87479;80999;;;;;;;;;null;null
5P 2,9 BT RWD 510CV QUADRIFOGLIO;196,000;217394;197631;187749;173842;165564;143020;;;;;;;null;null
TONALE;;null;null;null;null;;;;;;;;;null;null
5P 1,5 T 7AT MHEV SPRINT;59,800;51248;46589;null;null;;;;;;;;;null;null
5P 1,5 T 7AT MHEV VELOCE;;56398;51271;null;null;;;;;;;;;null;null
5P 1,3 T 6AT PHEV 4Q TRIBUTO ITALIANO;;72157;65598;null;null;;;;;;;;;null;null
;;null;null;null;null;;;;;;;;;null;null
AUDI;;null;null;null;null;;;;;;;;;null;null
A1;;null;null;null;null;;;;;;;;;null;null
3P 1,2 TFSI ATTRACTION;;null;null;null;null;;;;;;;14621;13707;13116;null
3P 1,4 TFSI AMBITION;;null;null;null;null;;;;22527;20483;18192;16138;15288;14755;null
3P 1,4 TFSI AMBITION S-TRONIC;;null;null;null;null;32926;30513;26668;23351;21232;18920;16929;16079;15575;null
3P 1,4 TFSI S LINE S-TRONIC;;null;null;null;null;;;;;;22316;20007;19242;18854;null
5P 1,4 TFSI SPORTBACK AMBITION;;null;null;null;null;;;;23351;21232;18920;16929;16079;null;null
5P 1,4 TFSI SPORTBACK AMBITION S-TRONIC;;null;null;null;null;34088;31590;27609;24175;21981;19648;17699;16870;null;null
5P 1,4 TFSI SPORTBACK S LINE S-TRONIC;;null;null;null;null;;;;;;23529;21816;21035;null;null
5P 1,0 TFSI SPORTBACK 30 116CV;40,076;46317;42886;40742;37724;35928;33595;;;;;;;null;null
5P 1,5 TFSI SPORTBACK 35 150CV;;null;47176;44817;41497;39521;36955;;;;;;;null;null
5P 2,0 TFSI SPORTBACK 40 200CV S LINE;;null;55812;null;null;;;;;;;;;null;null
;0 Km;2025;2024;2023;2022;2021;2020;2019;2018;2017;2016;2015;2014;2013;2012
A3;;null;null;null;null;;;;;;;;;null;null
3P 1,4 TFSI;;null;null;null;null;;;;;;;;;13045;11874
3P 1,4 TFSI S-TRONIC;;null;null;null;null;AU;DI 0KM;EN US$;;;;;;14310;13026
3P 1,4 TFSI ALCANTARA;;null;null;null;null;;;;;;;;;null;12850
3P 1,4 TFSI ALCANTARA S-TRONIC;;null;null;null;null;;;;;;;;;null;14002
3P 1,4 TFSI CRO;;null;null;null;null;;;;;;;;;null;13053
3P 1,4 TFSI CRO S-TRONIC;;null;null;null;null;;;;;;;;;null;14205
3P 1,4 TFSI PREMIUM;;null;null;null;null;;;;;;;;;null;12783
3P 1,4 TFSI PREMIUM S-TRONIC;;null;null;null;null;;;;;;;;;null;13935
3P 1,4 TFSI PLUS;;null;null;null;null;;;;;;;;;null;12497
3P 1,4 TFSI PLUS S-TRONIC;;null;null;null;null;;;;;;;;;null;13649
3P 1,4 TFSI 2013;;null;null;null;null;;;;;20186;18156;17419;16720;16041;null
3P 1,4 TFSI S-TRONIC 2013;;null;null;null;null;;;;;22841;20544;19710;18919;18151;null
3P 1,4 TFSI 2017;;null;null;null;null;;;;34519;29184;;;;null;null
3P 1,4 TFSI S-TRONIC 2017;;null;null;null;null;;45510;42009;35368;29902;;;;null;null
3P 1,6;;null;null;null;null;;;;;;;;;null;10592
3P 1,6 ALCANTARA;;null;null;null;null;;;;;;;;;null;11527
3P 1,6 CRO;;null;null;null;null;;;;;;;;;null;11752
3P 1,6 PREMIUM;;null;null;null;null;;;;;;;;;null;11462
3P 1,6 PLUS;;null;null;null;null;;;;;;;;;null;11188
3P 1,8 TFSI;;null;null;null;null;;;;;;;;;15499;14107
3P 1,8 TFSI S-TRONIC;;null;null;null;null;;;;;;;;;18337;16691
3P 1,8 TFSI ALCANTARA;;null;null;null;null;;;;;;;;;null;16305
3P 1,8 TFSI ALCANTARA S-TRONIC;;null;null;null;null;;;;;;;;;null;17766
3P 1,8 TFSI CRO;;null;null;null;null;;;;;;;;;null;16528
3P 1,8 TFSI CRO S-TRONIC;;null;null;null;null;;;;;;;;;null;17989
3P 1,8 TFSI PREMIUM;;null;null;null;null;;;;;;;;;null;16231
3P 1,8 TFSI PREMIUM S-TRONIC;;null;null;null;null;;;;;;;;;null;17692
3P 1,8 TFSI PLUS;;null;null;null;null;;;;;;;;;null;15916
3P 1,8 TFSI PLUS S-TRONIC;;null;null;null;null;;;;;;;;;null;17377
3P 1,8 TFSI 2013;;null;null;null;null;;;;;24879;22377;21469;20607;19770;null
3P 1,8 TFSI S-TRONIC 2013;;null;null;null;null;;;;;26078;23456;22503;21600;20723;null
;0 Km;2025;2024;2023;2022;2021;2020;2019;2018;2017;2016;2015;2014;2013;2012
3P 1,8 TFSI S-TRONIC QUATTRO;;null;null;null;null;;;;;28276;25433;24401;23421;22470;null
3P 2,0 TFSI;;null;null;null;null;;;;;;;;;null;14691
3P 2,0 TFSI TIPT;;null;null;null;null;;;;;;;;;null;15681
3P 2,0 TFSI ALCANTARA;;null;null;null;null;;;;;;;;;null;15226
3P 2,0 TFSI ALCANTARA TIPT;;null;null;null;null;;;;;;;;;null;16643
3P 2,0 TFSI CRO;;null;null;null;null;;;;;;;;;null;15425
3P 2,0 TFSI CRO TIPT;;null;null;null;null;;;;;;;;;null;16843
3P 2,0 TFSI PREMIUM;;null;null;null;null;;;;;;;;;null;15159
3P 2,0 TFSI PREMIUM TIPT;;null;null;null;null;;;;;;;;;null;16577
3P 2,0 TFSI S-TRONIC 2017;;null;null;null;null;;51159;45329;39758;33614;;;;null;null
3P 2,0 TDi S-TRONIC;;null;null;null;null;;;;;;;;;19140;17421
3P 2,0 TDi S-TRONIC ALCANTARA;;null;null;null;null;;;;;;;;;null;18546
3P 2,0 TDi S-TRONIC CRO;;null;null;null;null;;;;;;;;;null;18779
3P 2,0 TDi S-TRONIC PREMIUM;;null;null;null;null;;;;;;;;;null;18469
3P 2,0 TDi S-TRONIC 2013;;null;null;null;null;;;;;;;24545;22752;20888;null
4P 1,4 TFSI;;null;null;null;null;;;;;23143;20816;;;null;null
4P 1,4 TFSI S-TRONIC;;null;null;null;null;;;;;24429;21972;21081;20234;null;null
4P 1,4 TFSI 2017;;null;null;null;null;;34938;32250;29124;26466;;;;null;null
4P 1,4 TFSI S-TRONIC 2017;;null;null;null;null;;37018;34170;30858;28042;;;;null;null
4P 1,4 TFSI 35 150CV;;53709;51151;48593;46279;42851;40446;;;;;;;null;null
4P 1,4 TFSI 35 150CV 2025;45,661;54793;null;null;null;;;;;;;;;null;null
4P 1,4 TFSI 35 150CV ADVANCED;55,549;66659;null;null;null;;;;;;;;;null;null
4P 1,8 TFSI;;null;null;null;null;;;;;26422;23765;22800;;null;null
4P 1,8 TFSI S-TRONIC;;null;null;null;null;;;;;27604;24829;23821;;null;null
4P 1,8 TFSI S-TRONIC QUATTRO;;null;null;null;null;;;;;29742;26751;25666;;null;null
4P 2,0 TFSI S-TRONIC 2017;;null;null;null;null;;40835;37694;34040;30933;;;;null;null
4P 2,0 TFSI S-TRONIC LINE STYLE 2018;;null;null;null;null;;38512;35549;32103;;;;;null;null
4P 2,0 TFSI 40 190CV S LINE;;null;null;null;50054;46346;43745;;;;;;;null;null
4P 2,0 TFSI 40 190CV ADVANCE S-TRONIC;;null;56903;54058;null;;;;;;;;;null;null
5P 1,4 TFSI SPORTBACK;;null;null;null;null;;;;;;;;;13810;12570
5P 1,4 TFSI SPORTBACK S-TRONIC;;null;null;null;null;;;;;;;;;15076;13722
5P 1,4 TFSI SPORTBACK ALCANTARA;;null;null;null;null;;;;;;;;;null;13959
;0 Km;2025;2024;2023;2022;2021;2020;2019;2018;2017;2016;2015;2014;2013;2012
5P 1,4 TFSI SPORTBACK ALCANTARA S-TRONIC;;null;null;null;null;;;;;;;;;null;15111
5P 1,4 TFSI SPORTBACK CRO;;null;null;null;null;;;;;;;;;null;14197
5P 1,4 TFSI SPORTBACK CRO S-TRONIC;;null;null;null;null;;;;;;;;;null;15349
5P 1,4 TFSI SPORTBACK PREMIUM;;null;null;null;null;;;;;;;;;null;13468
5P 1,4 TFSI SPORTBACK PREMIUM S-TRONIC;;null;null;null;null;;;;;;;;;null;14620
5P 1,4 TFSI SPORTBACK PLUS;;null;null;null;null;;;;;;;;;null;13197
5P 1,4 TFSI SPORTBACK PLUS S-TRONIC;;null;null;null;null;;;;;;;;;null;14349
5P 1,4 TFSI SPORTBACK 2013;;null;null;null;null;;;;;21086;18966;18196;17465;16756;null
5P 1,4 TFSI SPORTBACK S-TRONIC 2013;;null;null;null;null;;;;;24062;21643;20764;19931;19122;null
5P 1,4 TFSI SPORTBACK 2017;;null;null;null;null;;34355;31712;28638;26024;;;;null;null
5P 1,4 TFSI SPORTBACK S-TRONIC 2017;;null;null;null;null;;36602;33786;30511;27726;;;;null;null
5P 1,4 TFSI SPORTBACK 35 150CV;;null;null;null;43596;40367;38102;;;;;;;null;null
5P 1,4 TFSI SPORTBACK 35 150CV 8TRIP;;52040;49562;47084;null;;;;;;;;;null;null
5P 1,4 TFSI SPORTBACK 35 150CV 8TRIP 2025;45,126;54151;null;null;null;;;;;;;;;null;null
5P 1,4 TFSI SPORTBACK 35 150CV 8TRIP ADVANCED;55,014;66017;null;null;null;;;;;;;;;null;null
5P 1,6 SPORTBACK;;null;null;null;null;;;;;;;;;12881;11725
5P 1,6 SPORTBACK TIPT;;null;null;null;null;;;;;;;;;null;13385
5P 1,6 SPORTBACK ALCANTARA;;null;null;null;null;;;;;;;;;null;13110
5P 1,6 SPORTBACK CRO;;null;null;null;null;;;;;;;;;null;13346
5P 1,6 SPORTBACK PREMIUM;;null;null;null;null;;;;;;;;;null;12620
5P 1,6 SPORTBACK PLUS;;null;null;null;null;;;;;;;;;null;12350
5P 1,8 TFSI SPORTBACK;;null;null;null;null;;;;;;;;;18239;16601
5P 1,8 TFSI SPORTBACK S-TRONIC;;null;null;null;null;;;;;;;;;19338;17602
5P 1,8 TFSI SPORTBACK ALCANTARA;;null;null;null;null;;;;;;;;;null;17658
5P 1,8 TFSI SPORTBACK ALCANTARA S-TRONIC;;null;null;null;null;;;;;;;;;null;19142
5P 1,8 TFSI SPORTBACK CRO;;null;null;null;null;;;;;;;;;null;17921
5P 1,8 TFSI SPORTBACK CRO S-TRONIC;;null;null;null;null;;;;;;;;;null;19688
5P 1,8 TFSI SPORTBACK PREMIUM;;null;null;null;null;;;;;;;;;null;17113
5P 1,8 TFSI SPORTBACK PREMIUM S-TRONIC;;null;null;null;null;;;;;;;;;null;18597
5P 1,8 TFSI SPORTBACK PLUS;;null;null;null;null;;;;;;;;;null;16813
5P 1,8 TFSI SPORTBACK PLUS S-TRONIC;;null;null;null;null;;;;;;;;;null;18297
5P 1,8 TFSI SPORTBACK 180CV;;null;null;null;null;;;;;24734;23418;22467;21565;20690;null
;0 Km;2025;2024;2023;2022;2021;2020;2019;2018;2017;2016;2015;2014;2013;2012
5P 1,8 TFSI SPORTBACK S-TRONIC 180CV;;null;null;null;null;;;;;25818;24444;23452;22510;21597;null
5P 1,8 TFSI SPORTBACK S-TRONIC QUATTRO 180CV;;null;null;null;null;;;;;27965;26477;25402;24382;23393;null
5P 2,0 TFSI SPORTBACK;;null;null;null;null;;;;;;;19659;18223;16253;14961
5P 2,0 TFSI SPORTBACK S-TRONIC;;null;null;null;null;;;;;;;21533;19960;17802;16387
5P 2,0 TFSI SPORTBACK ALCANTARA;;null;null;null;null;;;;;;;;;null;16330
5P 2,0 TFSI SPORTBACK ALCANTARA S-TRONIC;;null;null;null;null;;;;;;;;;null;17756
5P 2,0 TFSI SPORTBACK CRO;;null;null;null;null;;;;;;;;;null;16564
5P 2,0 TFSI SPORTBACK CRO S-TRONIC;;null;null;null;null;;;;;;;;;null;17990
5P 2,0 TFSI SPORTBACK PREMIUM;;null;null;null;null;;;;;;;;;null;15846
5P 2,0 TFSI SPORTBACK PREMIUM S-TRONIC;;null;null;null;null;;;;;;;;;null;17272
5P 2,0 TFSI SPORTBACK S-TRONIC 2017;;null;null;null;null;;41177;38009;34325;31192;;;;null;null
5P 2,0 TFSI SPORTBACK S-TRONIC LINE STYLE 2018;;null;null;null;null;;39942;36870;33296;;;;;null;null
5P 2,0 TFSI SPORTBACK 40 190CV S LINE;;63888;60917;57872;55116;51033;48169;;;;;;;null;null
5P 2,0 TDi SPORTBACK S-TRONIC;;null;null;null;null;;;;;;;28233;26171;23341;20432
5P 2,0 TDi SPORTBACK S-TRONIC ALCANTARA;;null;null;null;null;;;;;;;;;null;22175
5P 2,0 TDi SPORTBACK S-TRONIC CRO;;null;null;null;null;;;;;;;;;null;22472
5P 2,0 TDi SPORTBACK S-TRONIC PREMIUM;;null;null;null;null;;;;;;;;;null;20480
CABRIO 1,8 TFSI;;null;null;null;null;;;;;;;28786;26683;23797;20832
CABRIO 1,8 TFSI S-TRONIC;;null;null;null;null;;;;;;;29811;27633;24645;21600
A4;;null;null;null;null;;;;;;;;;null;null
4P 1,8 TFSI ATTRACTION;;null;null;null;null;;;;;;;;;null;14754
4P 1,8 TFSI ATTRACTION MULTI;;null;null;null;null;;;;;;;;;null;15904
4P 1,8 TFSI PLUS AMBITION;;null;null;null;null;;;;;;;;;null;16397
4P 1,8 TFSI PLUS AMBITION MULTI;;null;null;null;null;;;;;;;;;null;17547
4P 1,8 TFSI SPORT CRO;;null;null;null;null;;;;;;;;;null;17278
4P 1,8 TFSI SPORT CRO MULTI;;null;null;null;null;;;;;;;;;null;18397
4P 1,8 TFSI SPORT ALCANTARA;;null;null;null;null;;;;;;;;;null;17541
4P 1,8 TFSI SPORT ALCANTARA MULTI;;null;null;null;null;;;;;;;;;null;18660
4P 1,8 TFSI SPORT CRO PLUS;;null;null;null;null;;;;;;;;;null;18233
4P 1,8 TFSI SPORT CRO PLUS MULTI;;null;null;null;null;;;;;;;;;null;19352
4P 1,8 TFSI ATTRACTION 2012;;null;null;null;null;;;;;;;19378;18588;17964;16925
4P 1,8 TFSI ATTRACTION MULTI 2012;;null;null;null;null;;;;;;;20889;20037;19365;18244
;0 Km;2025;2024;2023;2022;2021;2020;2019;2018;2017;2016;2015;2014;2013;2012
4P 1,8 TFSI PLUS AMBITION 2012;;null;null;null;null;;;;;;;21536;20658;19965;18810
4P 1,8 TFSI PLUS AMBITION MULTI 2012;;null;null;null;null;;;;;;;23046;22107;21365;20129
AVANT 1,8 TFSI ATTRACTION;;null;null;null;null;;;;;;;;;null;13453
AVANT 1,8 TFSI ATTRACTION MULTITRONIC;;null;null;null;null;;;;;;;;;null;14436
AVANT 1,8 TFSI PLUS AMBITION;;null;null;null;null;;;;;;;;;null;15054
AVANT 1,8 TFSI PLUS AMBITION MULTITRONIC;;null;null;null;null;;;;;;;;;null;16037
AVANT 1,8 TFSI SPORT ALCANTARA;;null;null;null;null;;;;;;;;;null;16033
AVANT 1,8 TFSI SPORT ALCANTARA MULTI;;null;null;null;null;;;;;;;;;null;16990
AVANT 1,8 TFSI SPORT CRO;;null;null;null;null;;;;;;;;;null;15808
AVANT 1,8 TFSI SPORT CRO MULTI;;null;null;null;null;;;;;;;;;null;16765
4P 2,0 TFSI ATTRACTION;;null;null;null;null;;;;;;;;;null;15414
4P 2,0 TFSI ATTRACTION MULTI;;null;null;null;null;;;;;;;;;null;16490
4P 2,0 TFSI PLUS AMBITION;;null;null;null;null;;;;;;;;;null;16490
4P 2,0 TFSI PLUS AMBITION MULTI;;null;null;null;null;;;;;;;;;null;17566
4P 2,0 TFSI SPORT ALCANTARA;;null;null;null;null;;;;;;;;;null;16592
4P 2,0 TFSI SPORT ALCANTARA MULTI;;null;null;null;null;;;;;;;;;null;17670
4P 2,0 TFSI SPORT CRO;;null;null;null;null;;;;;;;;;null;16408
4P 2,0 TFSI SPORT CRO MULTI;;null;null;null;null;;;;;;;;;null;17485
4P 2,0 TFSI QUATTRO ATTRACTION;;null;null;null;null;;;;;;;;;null;16644
4P 2,0 TFSI QUATTRO ATTRACTION S-TRONIC;;null;null;null;null;;;;;;;;;null;17719
4P 2,0 TFSI QUATTRO PLUS AMBITION;;null;null;null;null;;;;;;;;;null;17719
4P 2,0 TFSI QUATTRO PLUS AMBITION S-TRONIC;;null;null;null;null;;;;;;;;;null;18795
4P 2,0 TFSI QUATTRO SPORT ALCANTARA;;null;null;null;null;;;;;;;;;null;17824
4P 2,0 TFSI QUATTRO SPORT ALCANTARA S-TRONIC;;null;null;null;null;;;;;;;;;null;18901
4P 2,0 TFSI QUATTRO SPORT CRO;;null;null;null;null;;;;;;;;;null;17639
4P 2,0 TFSI QUATTRO SPORT CRO S-TRONIC;;null;null;null;null;;;;;;;;;null;18716
4P 2,0 TDi MULTI ATTRACTION;;null;null;null;null;;;;;;;;;null;16137
4P 2,0 TDi MULTI SPORT CRO;;null;null;null;null;;;;;;;;;null;18132
4P 2,0 TDi MULTI PLUS AMBITION;;null;null;null;null;;;;;;;;;null;17673
AVANT 2,0 TDi ATTRACTION MULTI;;null;null;null;null;;;;;;;;;null;16562
AVANT 2,0 TDi SPORT ALCANTARA MULTI;;null;null;null;null;;;;;;;;;null;18948
AVANT 2,0 TDi SPORT CRO MULTI;;null;null;null;null;;;;;;;;;null;18709
;0 Km;2025;2024;2023;2022;2021;2020;2019;2018;2017;2016;2015;2014;2013;2012
AVANT 2,0 TDi PLUS AMBITION MULTI;;null;null;null;null;;;;;;;;;null;18263
4P 2,0 TFSI ATTRACTION 2012;;null;null;null;null;;;;;;;20935;20082;19407;18284
4P 2,0 TFSI ATTRACTION MULTI 2012;;null;null;null;null;;;;;;;22396;21483;20762;19561
4P 2,0 TFSI PLUS AMBITION 2012;;null;null;null;null;;;;;;;22396;21483;20762;19561
4P 2,0 TFSI PLUS AMBITION MULTI 2012;;null;null;null;null;;;;;;;23857;22885;22116;20837
4P 2,0 TFSI QUATTRO ATTRACTION S-TRONIC 2012;;null;null;null;null;;;;;;;24065;23085;22310;21019
4P 2,0 TFSI QUATTRO PLUS AMBITION S-TRONIC 2012;;null;null;null;null;;;;;;;25526;24486;23664;22295
4P 2,0 TDi MULTI ATTRACTION 2012;;null;null;null;null;;;;;;;21915;21023;20317;19141
4P 2,0 TDi MULTI PLUS AMBITION 2012;;null;null;null;null;;;;;;;24003;23025;22251;20964
4P 2,0 TFSI 190CV 2016;;null;null;null;null;;;;28234;27594;26974;;;null;null
4P 2,0 TFSI 190CV S-TRONIC FRONT 2016;;null;null;null;null;;35215;32460;28305;27663;27041;;;null;null
4P 2,0 TFSI 252CV S-TRONIC FRONT 2018;;null;null;null;null;;45516;41955;36584;;;;;null;null
4P 2,0 TFSI 252CV S-TRONIC QUATTRO 2016;;null;null;null;null;;53333;49160;42867;41895;40953;;;null;null
4P 2,0 TFSI 190CV 40;;null;52280;49791;46102;43907;41816;;;;;;;null;null
4P 2,0 TFSI 40 ADVANCED;;null;65012;61916;57329;54599;52000;;;;;;;null;null
4P 2,0 TFSI 45 S-TRONIC QUATTRO ADVANCE MH;;71077;67693;64048;null;;;;;;;;;null;null
4P 3,0 TFSI S-TRONIC QUATTRO;;null;null;null;null;;;;;;;27534;26412;25525;23869
4P 3,0 TDi QUATTRO S-TRONIC;;null;null;null;null;;;;;;;29407;28209;27261;25684
4P 3,2 QUATTRO;;null;null;null;null;;;;;;;;;null;21751
4P 3,2 QUATTRO TIPT;;null;null;null;null;;;;;;;;25037;24197;22797
A5;;null;null;null;null;;;;;;;;;null;null
SPORTBACK 2,0 TFSI;;null;null;null;null;;;;;;;28625;26533;23132;22067
SPORTBACK 2,0 TFSI MULTI;;null;null;null;null;;;;;;;30539;28308;24679;23543
SPORTBACK 2,0 TFSI SPORT ALCANTARA;;null;null;null;null;;;;;;;;;null;24116
SPORTBACK 2,0 TFSI SPORT ALCANTARA MULTI;;null;null;null;null;;;;;;;;;null;25592
SPORTBACK 2,0 TFSI SPORT CRO;;null;null;null;null;;;;;;;;;null;23865
SPORTBACK 2,0 TFSI SPORT CRO MULTI;;null;null;null;null;;;;;;;;;null;25341
SPORTBACK 2,0 TFSI PLUS;;null;null;null;null;;;;;;;;;null;23280
SPORTBACK 2,0 TFSI PLUS MULTI;;null;null;null;null;;;;;;;;;null;24756
SPORTBACK 2,0 TFSI S-TRONIC;;null;null;null;null;;49193;44959;42619;40126;;;;null;null
SPORTBACK 2,0 TFSI 190CV 40 FRONT;;null;null;null;null;;51723;;;;;;;null;null
SPORTBACK 2,0 TFSI 40 S-TRONIC;;71521;68116;64872;null;;;;;;;;;null;null
;0 Km;2025;2024;2023;2022;2021;2020;2019;2018;2017;2016;2015;2014;2013;2012
SPORTBACK 2,0 TFSI QUATTRO;;null;null;null;null;;;;;;;;;null;23752
SPORTBACK 2,0 TFSI QUATTRO S-TRONIC;;null;null;null;null;;;;;39055;35113;31915;30634;26510;25224
SPORTBACK 2,0 TFSI QUATTRO S-TRONIC 2017;;null;null;null;null;;55232;50685;46881;43617;;;;null;null
SPORTBACK 2,0 TFSI QUATTRO SPORT ALCANTARA;;null;null;null;null;;;;;;;;;null;25801
SPORTBACK 2,0 TFSI QUATTRO SPORT ALCANTARA MULTI;;null;null;null;null;;;;;;;;;null;27273
SPORTBACK 2,0 TFSI QUATTRO SPORT CRO;;null;null;null;null;;;;;;;;;null;25551
SPORTBACK 2,0 TFSI QUATTRO SPORT CRO MULTI;;null;null;null;null;;;;;;;;;null;27023
SPORTBACK 2,0 TFSI QUATTRO PLUS;;null;null;null;null;;;;;;;;;null;24965
SPORTBACK 2,0 TFSI QUATTRO PLUS MULTI;;null;null;null;null;;;;;;;;;null;26437
SPORTBACK 2,0 TFSI QUATTRO 252CV 45;;null;null;null;66600;61667;58206;;;;;;;null;null
SPORTBACK 2,0 TFSI QUATTRO 45 2023;;86333;82222;76132;null;;;;;;;;;null;null
SPORTBACK 3,0 TFSI QUATTRO S-TRONIC;;null;null;null;null;;;;;;40414;36733;35258;32812;32983
SPORTBACK 3,2 FSI QUATTRO S-TRONIC;;null;null;null;null;;;;;;;;;null;30030
COUPE 2,0 TFSI;;null;null;null;null;;;;;;;29155;27025;23561;22476
COUPE 2,0 TFSI MULTI;;null;null;null;null;;;;;;;31025;28759;25072;23918
COUPE 2,0 TFSI SPORT ALCANTARA;;null;null;null;null;;;;;;;;;null;24483
COUPE 2,0 TFSI SPORT ALCANTARA MULTI;;null;null;null;null;;;;;;;;;null;25065
COUPE 2,0 TFSI SPORT CRO;;null;null;null;null;;;;;;;;;null;25917
COUPE 2,0 TFSI SPORT CRO MULTI;;null;null;null;null;;;;;;;;;null;25679
COUPE 2,0 TFSI PLUS;;null;null;null;null;;;;;;;;;null;23664
COUPE 2,0 TFSI PLUS MULTI;;null;null;null;null;;;;;;;;;null;25106
COUPE 2,0 TFSI S-TRONIC 2017;;null;null;null;null;;49193;44959;42619;40126;;;;null;null
COUPE 2,0 TFSI 190CV 40 FRONT;;null;null;null;59182;54799;51723;;;;;;;null;null
COUPE 2,0 TFSI 40;;73667;70159;66818;null;;;;;;;;;null;null
COUPE 2,0 TFSI QUATTRO;;null;null;null;null;;;;;;;;;null;24123
COUPE 2,0 TFSI QUATTRO S-TRONIC;;null;null;null;null;;;;;39330;35384;32161;30870;26750;25568
COUPE 2,0 TFSI QUATTRO S-TRONIC 2017;;null;null;null;null;;61369;56317;52090;48464;;;;null;null
COUPE 2,0 TFSI QUATTRO SPORT ALCANTARA;;null;null;null;null;;;;;;;;;null;26130
COUPE 2,0 TFSI QUATTRO SPORT ALCANTARA S-TRONIC;;null;null;null;null;;;;;;;;;null;27575
COUPE 2,0 TFSI QUATTRO SPORT CRO;;null;null;null;null;;;;;;;;;null;25884
COUPE 2,0 TFSI QUATTRO SPORT CRO S-TRONIC;;null;null;null;null;;;;;;;;;null;27330
COUPE 2,0 TFSI QUATTRO PLUS;;null;null;null;null;;;;;;;;;null;25310
;0 Km;2025;2024;2023;2022;2021;2020;2019;2018;2017;2016;2015;2014;2013;2012
COUPE 2,0 TFSI QUATTRO PLUS S-TRONIC;;null;null;null;null;;;;;;;;;null;26756
COUPE 2,0 TFSI QUATTRO 252CV 45;;null;null;null;74000;68518;64673;;;;;;;null;null
COUPE 2,0 TFSI QUATTRO 45 2023;;88923;84689;78415;null;;;;;;;;;null;null
COUPE 3,0 TFSI QUATTRO S-TRONIC;;null;null;null;null;;;;;;40578;36882;35401;32945;32022
CABRIO 3,0 TFSI QUATTRO S-TRONIC;;null;null;null;null;;;;;;;47306;43850;38229;36469
COUPE 3,2 QUATTRO;;null;null;null;null;;;;;;;;;null;26928
COUPE 3,2 QUATTRO S-TRONIC;;null;null;null;null;;AU;DI 0KM;EN US$;;;;;null;29402
CABRIO 3,2 FSI QUATTRO S-TRONIC;;null;null;null;null;;;;;;;;;null;34066
4P 2,0 TFSI S-TRONIC 190CV MILDHYBIRD ADVANCE;68,200;85250;null;null;null;;;;;;;;;null;null
4P 2,0 TFSI S-TRONIC 272CV MILDHYBIRD S-LINE QUATTRO;89,900;112375;null;null;null;;;;;;;;;null;null
A6;;null;null;null;null;;;;;;;;;null;null
4P 2,8 FSI MULTI;;null;null;null;null;;;;;;;21295;19739;18123;16695
4P 3,0 TFSI QUATTRO S-TRONIC;;null;null;null;null;;68586;61705;51806;45376;39075;35234;31328;26023;23063
4P 3,0 TFSI QUATTRO 340CV 55;115,219;116010;107417;102046;94487;89988;85703;;;;;;;null;null
4P 3,0 TDi S-TRONIC QUATTRO;;null;null;null;null;;;;;;;36644;32752;27392;null
A7;;null;null;null;null;;;;;;;;;null;null
SPORTBACK 3.0 FSI V6 S-TRONIC QUATTRO;;null;null;null;null;;66970;60252;53396;45919;42382;40944;39041;34879;30289
SPORTBACK 3.0 FSI QUATTRO 340CV 55;;124529;115305;109814;101680;96838;91403;;;;;;;null;null
SPORTBACK 3.0 TDi S-TRONIC QUATTRO;;null;null;null;null;;;;;;42382;40944;39041;34879;30289
A8;;null;null;null;null;;;;;;;;;null;null
4P 4.2 TFSI QUATTRO TIPT;;null;null;null;null;;;;;;;59870;55496;50951;48983
4P 4,0 V8 TFSI TRONIC QUATTRO;;null;null;null;null;;;;;;;80284;74419;68324;null
4P 4,0 V8 TFSI TRONIC QUATTRO L;;null;null;null;null;;;;;;;82961;76900;70601;null
4P 4,0 TFSI QUATTRO 460CV 60;;null;null;246964;228671;217782;205559;;;;;;;null;null
4P 4,0 TFSI QUATTRO 460CV 60 L;;null;null;247927;229562;218630;206360;;;;;;;null;null
ALLROAD;;null;null;null;null;;;;;;;;;null;null
5P A 4 2,0 TFSI QUATTRO S-TRONIC;;null;null;null;null;;;;;;;23783;22046;20240;19458
5P A 4 2,0 TFSI QUATTRO S-TRONIC;;null;null;null;null;;;;;;;25915;24022;22054;21203
5P A 4 2,0 TFSI QUATTRO S-TRONIC ATTRACTION;;null;null;null;null;;;;;;;25842;23954;21992;null
5P A 4 2,0 TFSI QUATTRO S-TRONIC AMBITION;;null;null;null;null;;;;;;;27937;25896;23775;null
5P A 4 2,0 TFSI QUATTRO S-TRONIC 2017;;null;null;null;null;;53632;48251;40511;35821;;;;null;null
5P A 4 2,0 TFSI QUATTRO S-TRONIC STR MH;;71509;66212;59570;null;;;;;;;;;null;null
;0 Km;2025;2024;2023;2022;2021;2020;2019;2018;2017;2016;2015;2014;2013;2012
5P A 6 3,0 TFSI S-TRONIC QUATTRO;;null;null;null;null;;79638;69388;59366;53475;48073;43128;39977;36703;null
5P A 6 3,0 TFSI QUATTRO 340CV 55;122,532;124218;115017;109266;101172;96354;91766;;;;;;;null;null
5P A 6 3,0 TDi S-TRONIC QUATTRO;;null;null;null;null;;;;;;49935;45476;42154;38701;null
e-tron;;null;null;null;null;;;;;;;;;null;null
4P 55 QUATTRO;;null;null;138626;128357;122245;;;;;;;;null;null
5P 55 QUATTRO SPORTBACK;;null;null;145421;134649;128238;;;;;;;;null;null
Q 2;;null;null;null;null;;;;;;;;;null;null
5P 1,4 TFSI SERIE S-TRONIC;;null;null;null;null;;32026;31328;31501;30490;;;;null;null
5P 1,4 TFSI SPORT S-TRONIC;;null;null;null;null;;35308;34537;34728;33614;;;;null;null
5P 1,4 TFSI OFFROAD STYLE S-TRONIC;;null;null;null;null;;40518;39634;39853;;;;;null;null
5P 1,0 TFSI SPORT 30 116CV;;null;null;null;36249;34523;32879;;;;;;;null;null
5P 1,4 TFSI SPORT S-TRONIC 35 150CV;;null;null;null;null;41877;39883;;;;;;;null;null
5P 2,0 TFSI QUATTRO S-TRONIC 40 190CV;;null;null;null;null;47682;45412;;;;;;;null;null
5P 1,4 TFSI SPORT S-TRONIC 35 150CV 2022;51,618;52487;48599;46285;44081;;;;;;;;;null;null
5P 2,0 TFSI QUATTRO S-TRONIC 40 190CV 2022;57,872;59764;55337;52702;50192;;;;;;;;;null;null
Q 3;;null;null;null;null;;;;;;;;;null;null
5P 1,4 TFSI 150CV;;null;null;null;null;;;;;22252;19956;19146;;null;null
5P 1,4 TFSI 150CV S-TRONIC;;null;null;null;null;;;;;23642;21203;20342;;null;null
5P 1,4 TFSI 150CV SPORT;;null;null;null;null;;33260;30324;25693;22920;;;;null;null
5P 1,4 TFSI 150CV SPORT S-TRONIC;;null;null;null;null;;35224;32115;27210;24274;;;;null;null
5P 1,4 TFSI 35 150CV;;null;51156;48598;44998;42856;40815;;;;;;;null;null
5P 1,4 TFSI SPORTBACK 35 150CV;56,670;57194;52957;50310;46583;44365;42252;;;;;;;null;null
5P 2,0 TFSI QUATTRO 170CV;;null;null;null;null;;;;;;;21338;19594;17823;16977
5P 2,0 TFSI QUATTRO 170CV S-TRONIC;;null;null;null;null;;;;;;;22913;21040;19138;18230
5P 2,0 TFSI QUATTRO 211CV S-TRONIC;;null;null;null;null;;;;;;;24094;22125;20125;19170
5P 2,0 TFSI QUATTRO 220CV S-TRONIC;;null;null;null;null;;41179;37544;31810;28378;25450;;;null;null
5P 2,0 TFSI QUATTRO 220CV S-TRONIC S LINE;;null;null;null;null;;42241;38512;32630;;;;;null;null
5P 2,0 TFSI QUATTRO 40 ADVANCED;61,475;69425;64282;61068;56544;53852;51287;;;;;;;null;null
5P 2,0 TFSI SPORTBACK QUATTRO 40 S-LINE;70,239;75803;70188;66678;61739;58799;55999;;;;;;;null;null
5P 2,0 TDi QUATTRO 177CV S-TRONIC;;null;null;null;null;;;;;;;25249;23185;21089;null
Q 5;;null;null;null;null;;;;;;;;;null;null
5P 2,0 TFSI QUATTRO 180CV;;null;null;null;null;;;;;;;19943;18313;17407;17667
;0 Km;2025;2024;2023;2022;2021;2020;2019;2018;2017;2016;2015;2014;2013;2012
5P 2,0 TFSI QUATTRO 180CV 2013;;null;null;null;null;;;;;;;22804;20941;19905;null
5P 2,0 TFSI QUATTRO 225CV 2013;;null;null;null;null;;;;;;;24062;22095;21002;null
5P 2,0 TFSI QUATTRO 180CV S-TRONIC;;null;null;null;null;;;;;;;22367;20539;19523;19629
5P 2,0 TFSI QUATTRO 225CV S-TRONIC 2013;;null;null;null;null;;;;;31499;28854;25496;23413;22254;null
5P 2,0 TFSI QUATTRO 252CV S-TRONIC 2017;;null;null;null;null;;49055;42884;37040;33049;;;;null;null
5P 2,0 TFSI QUATTRO 252CV S-TRONIC SECURITY;;null;null;null;null;;74745;65342;56437;;;;;null;null
5P 2,0 TFSI QUATTRO LUXURY;;null;null;null;null;;;;;;;;;null;20685
5P 2,0 TFSI QUATTRO LUXURY S-TRONIC;;null;null;null;null;;;;;;;;;null;22100
5P 2,0 TFSI 252CV 45 OFFROAD;;null;null;null;65845;54158;51119;;;;;;;null;null
5P 2,0 TFSI 252CV 45 SPORT;;null;null;null;73553;60498;57103;;;;;;;null;null
5P 2,0 TFSI 200CV QUATTRO S-TRONIC ADVANCED MILD-HYBRID;86,000;86258;null;null;null;;;;;;;;;null;null
5P 2,0 TFSI 200CV QUATTRO S-TRONIC ADVANCED SPORTBACK ILD-H Y;89,000;89267;null;null;null;;;;;;;;;null;null
5P 2,0 TFSI 272CV QUATTRO S-TRONIC ADVANCED PLUS MILD-HYBRID;102,000;102306;null;null;null;;;;;;;;;null;null
5P 2,0 TFSI 272CV QUATTRO S-TRONIC S-LINE MILD-HYBRID;107,000;107321;null;null;null;;;;;;;;;null;null
5P 3,2 FSI V6 QUATTRO S-TRONIC;;null;null;null;null;;;;;;;;26700;25379;25758
5P 2,0 TDi QUATTRO;;null;null;null;null;;;;;;;;;null;21763
5P 2,0 TDi QUATTRO S-TRONIC;;null;null;null;null;;;;;;;;22939;21804;22130
5P 2,0 TDi QUATTRO S-TRONIC 2013;;null;null;null;null;;;;;;;29349;26951;25618;null
5P 2,0 TDi QUATTRO LUXURY;;null;null;null;null;;;;;;;;;null;22629
5P 2,0 TDi QUATTRO LUXURY S-TRONIC;;null;null;null;null;;;;;;;;;null;23157
5P 3,0 TDi V6 QUATTRO S-TRONIC;;null;null;null;null;;;;;;;29384;26982;25647;26031
5P 3,0 TDi V6 QUATTRO S-TRONIC 2013;;null;null;null;null;;;;;;;32905;30216;28721;null
5P 3,0 TFSI 272CV QUATTRO TIPT;;null;null;null;null;;;;;46467;42564;37165;34325;32627;null
5P 3,0 TFSI 354CV QUATTRO TIPT S 2017;;null;null;null;86262;70951;67572;61686;57055;55053;;;;null;null
5P 3,0 TFSI 367CV QUATTO S-TRONIC SQ5 MILD-HYBIRD;134,000;134402;null;null;null;;;;;;;;;null;null
Q 5 SPORTBACK;;null;null;null;null;;;;;;;;;null;null
5P 2,0 TFSI 245CV QUATTRO OFFROAD MH 45;;82481;76371;73412;null;;;;;;;;;null;null
5P 2,0 TFSI 245CV QUATTRO S-TRONIC HYBRID ADVANCE 45;;84543;78280;null;null;;;;;;;;;null;null
5P 2,0 TFSI 245CV QUATTRO S-TRONIC HYBRID S-LINE 45;;95796;88700;null;null;;;;;;;;;null;null
5P 2,0 TFSI 245CV QUATTRO PREMIUM BLACK;;133325;null;null;null;;;;;;;;;null;null
Q 7;;null;null;null;null;;;;;;;;;null;null
5P 3,0 TFSI QUATTRO TIPT 272CV;;null;null;null;null;;;;;;;39127;35929;32681;30197
null;0 Km;2025;2024;2023;2022;2021;2020;2019;2018;2017;2016;2015;2014;2013;2012
5P 3,0 TFSI QUATTRO TIPT 333CV;;null;null;null;null;;;;;;;43784;40206;36571;33791
5P 3,0 TDi QUATTRO TIPT;;null;null;null;null;;;;;;;44677;41026;37317;34480
5P 4,2 TDi;;null;null;null;null;;;;;;;50532;46403;42208;38999
5P 3,0 TFSI QUATTRO 333CV 8TIPT 2016;;null;null;null;null;;99129;91202;77286;68308;65852;;;null;null
5P 3,0 TDi;null;null;null;null;null;null;101186;93095;78890;69726;67688;null;null;null;null
5P 55 TFSI QUATTRO 8TIPT OFFROAD;;null;null;120982;112021;106686;100699;;;;;;;null;null
5P 55 TFSI QUATTRO 8TIPT S LINE;149,482;148206;137228;130693;121012;115250;108782;;;;;;;null;null
5P 45 TDi QUATTRO 8TIPT S LINE;;null;null;128265;118764;113109;106761;;;;;;;null;null
Q 8;;null;null;null;null;;;;;;;;;null;null
5P 3,0 TFSI QUATTRO 340CV 55;159,223;167605;155189;147430;136509;130009;122712;;;;;;;null;null
5P 3,0 TDi QUATTRO 249CV 45;;null;null;144330;133639;127275;120132;;;;;;;null;null
5P 55 E-TRON;195,940;215632;199659;null;null;;;;;;;;;null;null
5P 55 E-TRON SPORTBACK;204,314;216906;200839;null;null;;;;;;;;;null;null
R8;;null;null;null;null;;;AU;DI 0KM;EN US$;;;;null;null
COUPE 4,2 FSI QUATTRO;;null;null;null;null;;;;;;;204990;188239;180733;172159
COUPE 4,2 FSI QUATTRO S-TRONIC;;null;null;null;null;;;;;;;220479;202461;194389;185166
COUPE 5,2 FSI QUATTRO;;null;null;null;null;;;;;;;258743;237599;228126;217303
COUPE 5,2 FSI QUATTRO S-TRONIC;;null;null;null;null;;;;;;;258743;237599;228126;217303
COUPE 5,2 V10 PLUS QUATTRO S-TRONIC;;null;null;null;null;;494702;452168;396830;350734;;;;null;null
SPYDER 5,2 FSI QUATTRO;;null;null;null;null;;;;;;;293719;269717;258963;246677
SPYDER 5,2 FSI QUATTRO S-TRONIC;;null;null;null;null;;;;;;;293719;269717;258963;246677
SPYDER 5,2 V10 PLUS QUATTRO S-TRONIC;;null;null;null;null;;544172;497385;436513;;;;;null;null
RS3;;null;null;null;null;;;;;;;;;null;null
4P 2,5 TFSI S-TRONIC QUATTRO 400CV;;null;null;null;null;;115875;105912;92950;82153;;;;null;null
4P 2,5 TFSI S-TRONIC QUATTRO 400CV SPORTBACK;;null;null;null;null;;114811;104940;92097;;;;;null;null
4P TFSI S-TRONIC 400CV;122,649;153311;null;null;null;;;;;;;;;null;null
4P TFSI S-TRONIC 400CV;123,235;154044;null;null;null;;;;;;;;;null;null
RS5;;null;null;null;null;;;;;;;;;null;null
4P 4,2 FSI V8 S-TRONIC;;null;null;null;null;;;;;;;80947;74332;67612;56715
COUPE 2,9 TFSI 450CV TIPT QUATTRO;;null;null;null;null;;167857;153424;144428;;;;;null;null
RS7;;null;null;null;null;;;;;;;;;null;null
SPORTBACK 4,0 TFSI V8 BT TIPT QUATTRO;;null;null;null;null;;;;127649;112821;101468;96714;;null;null
;0 Km;2025;2024;2023;2022;2021;2020;2019;2018;2017;2016;2015;2014;2013;2012
RS E-TRON;;null;null;null;null;;;;;;;;;null;null
4P GT QUATTRO;323,636;342051;316714;301632;null;;;;;;;;;null;null
RS Q3;;null;null;null;null;;;;;;;;;null;null
5P 2,5 TFSI QUATTRO SPORTBACK;;180427;167062;null;null;;;;;;;;;null;null
RS Q8;;null;null;null;null;;;;;;;;;null;null
5P 4,0 TFSI QUATTRO 8TIPT 600CV;;null;284163;270631;257744;238652;225258;;;;;;;null;null
5P 4,0 TFSI QUATTRO 8TIPT 640CV;283,029;353786;null;null;null;;;;;;;;;null;null
S;;null;null;null;null;;;;;;;;;null;null
3P 2,0 3 TFSI QUATTRO;;null;null;null;null;;;;;;;;28428;25944;24033
3P 2,0 3 TFSI QUATTRO S-TRONIC;;null;null;null;null;;;;;;;;30065;27437;25416
5P 2,0 3 TFSI QUATTRO SPORTBACK;;null;null;null;null;;;;;;;;29591;27005;25015
5P 2,0 3 TFSI QUATTRO SPORTBACK S-TRONIC;;null;null;null;null;;;;;;;;32039;29239;27085
5P 2,0 3 TFSI QUATTRO SPORTBACK S-TRONIC 2017;;null;null;null;null;;69530;65458;59073;52519;;;;null;null
4P 2,0 3 TFSI S-TRONIC QUATTRO 2017;;null;null;null;null;;70116;66010;59571;52961;50023;;;null;null
SPORTBACK 2,0 3 TFSI S-TRONIC QUATTRO 2025;88,500;110625;null;null;null;;;;;;;;;null;null
4P 2,0 3 TFSI S-TRONIC QUATTRO 2025;88,500;110625;null;null;null;;;;;;;;;null;null
4P 3,0 TFSI 4 QUATTRO;;null;null;null;null;;;;;;;;;null;36858
4P 3,0 TFSI 4 QUATTRO S-TRONIC;;null;null;null;null;;;;;;;48459;45747;41252;38213
4P 3,0 TFSI 4 QUATTRO S-TRONIC 354CV;;null;null;null;null;;95104;89535;84285;74465;;;;null;null
COUPE 3,0 TFSI 5 QUATTRO TRIP;;null;null;null;null;;100787;94885;89321;78915;;;;null;null
SPORTBACK 3,0 TFSI 5 QUATTRO TRIP;;null;null;null;null;;100787;94885;89321;78915;;;;null;null
COUPE 4,2 FSI 5 V8 QUATTRO;;null;null;null;null;;;;;;;;;null;39556
COUPE 4,2 FSI 5 V8 QUATTRO TIPT;;null;null;null;null;;;;;;;52050;50053;44309;41045
4P 4,0 V8 TFSI 6 S-TRONIC QUATTRO;;null;null;null;null;;;;;;;69573;64432;62486;null
5P 4,0 TFSI 7 S-TRONIC QUATTRO SPORTBACK;;null;null;null;null;;;;;;;79512;75386;71413;null
TT;;null;null;null;null;;;;;;;;;null;null
COUPE 1,8 TFSI 160CV;;null;null;null;null;;;;;;;35826;33749;31093;29253
COUPE 1,8 TFSI 160CV PREMIUM;;null;null;null;null;;;;;;;;;null;30689
COUPE 1,8 TFSI 160CV SPORT;;null;null;null;null;;;;;;;;;null;30910
COUPE 1,8 TFSI 160CV PREMIUM SPORT;;null;null;null;null;;;;;;;;;null;32346
COUPE 2,0 TFSI;;null;null;null;null;;;;;;;;;null;34204
COUPE 2,0 TFSI S-TRONIC;;null;null;null;null;;;;;;;;;null;35629
;0 Km;2025;2024;2023;2022;2021;2020;2019;2018;2017;2016;2015;2014;2013;2012
COUPE 2,0 TFSI 211CV;;null;null;null;null;;;;;;;43025;40531;37796;35858
COUPE 2,0 TFSI 211CV S-TRONIC;;null;null;null;null;;;;;;;45491;42854;39962;37967
COUPE 2,0 TFSI 211CV PREMIUM;;null;null;null;null;;;;;;;;;null;36676
COUPE 2,0 TFSI 211CV PREMIUM S-TRONIC;;null;null;null;null;;;;;;;;;null;38689
COUPE 2,0 TFSI 211CV SPORT;;null;null;null;null;;;;;;;;;null;36913
COUPE 2,0 TFSI 211CV SPORT S-TRONIC;;null;null;null;null;;;;;;;;;null;38668
COUPE 2,0 TFSI 211CV PREMIUM SPORT;;null;null;null;null;;;;;;;;;null;38458
COUPE 2,0 TFSI 211CV PREMIUM SPORT S-TRONIC;;null;null;null;null;;;;;;;;;null;40213
COUPE 2,0 TFSI 230CV S-TRONIC;;null;null;null;null;;83088;75944;66650;58908;;;;null;null
COUPE 2,0 TFSI S 310CV QUATTRO S-TRONIC;;null;null;null;null;;119907;109597;96184;85011;;;;null;null
COUPE 2,5 TFSI RS 400CV QUATTRO S-TRONIC;;null;null;null;null;;153044;139885;122765;108505;;;;null;null
COUPE 2,5 TFSI 340 RS QUATTRO;;null;null;null;null;;;;;;;64912;61149;57023;55653
COUPE 2,5 TFSI 340 RS QUATTRO S-TRONIC;;null;null;null;null;;;;;;;67600;63681;59384;57958
COUPE 3,2 QUATTRO;;null;null;null;null;;;;;;;;;null;37682
COUPE 3,2 QUATTRO S-TRONIC;;null;null;null;null;;;;;;;;;null;39657
ROADSTER 2,0 TFSI 200CV;;null;null;null;null;;;;;;;;;null;38518
ROADSTER 2,0 TFSI 200CV S-TRONIC;;null;null;null;null;;;;;;;;;null;43501
ROADSTER 2,0 TFSI 211CV;;null;null;null;null;;;;;;;46924;44204;41221;38316
ROADSTER 2,0 TFSI 211CV S-TRONIC;;null;null;null;null;;;;;;;49413;46549;43408;40348
ROADSTER 2,0 TFSI 211CV PREMIUM;;null;null;null;null;;;;;;;;;null;39874
ROADSTER 2,0 TFSI 211CV PREMIUM S-TRONIC;;null;null;null;null;;;;;;;;;null;41925
ROADSTER 2,0 TFSI 211CV SPORT;;null;null;null;null;;;;;;;;;null;40117
ROADSTER 2,0 TFSI 211CV SPORT S-TRONIC;;null;null;null;null;;;;;;;;;null;41904
ROADSTER 2,0 TFSI 211CV PREMIUM SPORT;;null;null;null;null;;;;;;;;;null;41676
ROADSTER 2,0 TFSI 211CV PREMIUM SPORT S-TRONIC;;null;null;null;null;;;;;;;;;null;43480
ROADSTER 2,0 TFSI 310CV QUATTRO S-TRONIC;;null;null;null;null;;126848;115942;101752;;;;;null;null
ROADSTER 3,2 QUATTRO;;null;null;null;null;;;;;;;;;null;45263
ROADSTER 3,2 QUATTRO S-TRONIC;;null;null;null;null;;;;;;;;;null;47479
ROADSTER 3,2 V6 DSG QUATTRO 250CV;;null;null;146639;135777;129311;;;;;;;;null;null
;;null;null;null;null;;;;;;;;;null;null
BAIC;;null;null;null;null;;;;;;;;;null;null
BJ30;;null;null;null;null;;;;;;;;;null;null
;0 Km;2025;2024;2023;2022;2021;2020;2019;2018;2016;2015;null;2014;2013;2012
5P 1,5 AT HYBRID 4X2;36,207;37411;null;null;null;;;;;;;null;;null;null
5P 1,5 AT HYBRID 4X4;42,907;47757;null;null;null;null;null;null;null;null;null;null;null;null;null
BJ40;;null;null;null;null;;;;;IC0KM E;;N US$;;null;null
3P 2,0 T 8AT 4X4;;64059;null;null;null;;;;;;;null;;null;null
5P 2,0 T 8AT 4X4 PLUS;;66776;60098;null;null;;;;;;;null;;null;null
BJ60;;null;null;null;null;;;;;;;null;;null;null
5P 2,0 4WD HYBRID;;82137;null;null;null;;;;;;;null;;null;null
D20;;null;null;null;null;;;;;;;null;;null;null
5P 1,3 MT;;null;null;14362;13298;12665;13268;12285;11375;;;null;;null;null
EX 260 CROSSOVER ELECTRIC;;null;null;null;null;;;;;;;null;;null;null
5P AT;;null;null;null;null;;;;18784;;;null;;null;null
EU5;;null;null;null;null;;;;;;;null;;null;null
4P 1,5 CVT;;26752;null;null;null;;;;;;;null;;null;null
4P 100% ELECTRICO;;30201;null;null;null;;;;;;;null;;null;null
4P 100% ELECTRICO PLUS;;50892;null;null;null;;;;;;;null;;null;null
SENOVA ELITE;;null;null;null;null;;;;;;;null;;null;null
5P 1,5 MT;;null;null;16914;15661;14915;15626;14468;13396;;;null;;null;null
5P 1,5 AT;;null;null;18394;17032;16221;16993;15734;14569;;;null;;null;null
X25 CROSSOVER;;null;null;null;null;;;;;;;null;;null;null
5P 1,5 MT;;null;null;null;null;;15129;14408;13722;;;null;;null;null
5P 1,5 AT;;null;null;null;null;;17200;16381;15601;;;null;;null;null
X35 CROSSOVER;;null;null;null;null;;;;;;;null;;null;null
5P 1,5 MT;;null;null;19904;18430;17552;18388;17026;15765;;;null;;null;null
5P 1,5 AT;;null;null;21980;20352;19383;20305;18801;17409;;;null;;null;null
5P 1,5 T CVT FASHION;;26648;23983;null;null;;;;;;;null;;null;null
5P 1,5 T CVT FASHION PLUS;;28424;25582;null;null;;;;;;;null;;null;null
5P 1,5 T CVT LUXURY;28,670;29469;26522;null;null;;;;;;;null;;null;null
X55 CROSSOVER;;null;null;null;null;;;;;;;null;;null;null
5P 1,5 T AT;;null;null;null;null;22381;23446;21710;21086;;;null;;null;null
5P 1,5 T AT 2020;;null;null;26976;24978;23789;24921;23075;;;;null;;null;null
5P 1,5 T AT II 2023;;null;null;29134;null;;;;;;;null;;null;null
5P 1,5 T II LUXURY;37,370;41487;null;null;null;;;;;;;null;;null;null
;2022;2021;null;null;null;null;2020;2019;2018;2017;2016;2012;null;null;null
5P 1,5 T II PLUS;;null;null;null;null;null;;;;;;;null;null;null
X65 CROSSOVER;;null;null;null;null;null;;;;;;;null;null;null
5P 2,0 T AT;27847;26521;null;null;null;null;27784;25726;;;;;null;null;null
;;null;null;null;null;null;;;;;;;null;null;null
BMW;;null;null;null;null;null;;;;;;;null;null;null
116;;null;null;null;null;null;;;;;;;null;null;null
3P 1,6 i ACTIVE;;null;null;null;null;null;;;;;;13583;null;null;null
5P 1,6 i;;null;null;null;null;null;;;;;24188;20508;null;null;null
5P 1,6 i AT;null;null;null;null;null;null;null;null;null;null;null;20667;null;null;null
118;BM;;null;null;null;null;EN US$;;;;;;null;null;null
3P 1,8 i ACTIVE;;null;null;null;null;null;;;;;;15595;null;null;null
3P 1,8 d ACTIVE;;null;null;null;null;null;;;;;;16397;null;null;null
3P 1,8 i ACTIVE 2017;;null;null;null;null;null;;;30202;26936;;;null;null;null
5P 1,8 i ACTIVE;;null;null;null;null;null;;;;;;17217;null;null;null
5P 1,8 i SPORT/URBAN;;null;null;null;null;null;;;;;;20656;null;null;null
5P 1,8 i SPORT/URBAN AT;;null;null;null;null;null;;;;;;22860;null;null;null
5P 1,8 d SPORT/URBAN;;null;null;null;null;null;;;;;;22791;null;null;null
5P 1,8 i ACTIVE;;null;null;null;null;null;;33986;29405;26226;23904;;null;null;null
5P 1,8 i SPORT LINE;;null;null;null;null;null;;38591;33390;29779;27143;;null;null;null
5P 1,5 T 7AT ADVANTAGE;46583;44365;null;null;null;null;42252;39104;;;;;null;null;null
5P 1,5 T 7AT SPORTLINE;50450;48048;null;null;null;null;45760;;;;;;null;null;null
5P 1,5 T 7AT ADVANTAGE 2025;;null;null;null;null;null;;;;;;;null;null;null
5P 1,5 T 7AT SPORTLINE 2025;;null;null;null;null;null;;;;;;;null;null;null
120;;null;null;null;null;null;;;;;;;null;null;null
5P 2,0 i ACTIVE;;null;null;null;null;null;;;;;;18659;null;null;null
5P 2,0 D ACTIVE;;null;null;null;null;null;;;;;;18835;null;null;null
5P 2,0 i SPORT;;null;null;null;null;null;45162;42456;36047;31560;;;null;null;null
COUPE 2,0 i ACTIVE;;null;null;null;null;null;;;;;;21023;null;null;null
COUPE 2,0 i EXECUTIVE;;null;null;null;null;null;;;;;;22314;null;null;null
CONV 2,0 i ACTIVE;;null;null;null;null;null;;;;;;35216;null;null;null
125;;null;null;null;null;null;;;;;;;null;null;null
3P 1,6 i AT;;null;null;null;null;null;;;;;31227;;null;null;null
;0 Km;2025;2024;2023;2022;2021;2020;2019;2018;2017;2016;2015;2014;2013;2012
5P 2,0 D SPORT LINE;;null;null;null;null;;;;;;32517;30924;29733;27775;null
COUPE 3,0 EXECUTIVE;;null;null;null;null;;;;;;32270;30690;30644;28627;27733
130;;null;null;null;null;;;;;;;;;null;null
3P 3,0 i LIMITED EDITION;;null;null;null;null;;;;;;;;;null;30940
135;;null;null;null;null;;;;;;;;;null;null
COUPE 3,0 i SPORTIVE;;null;null;null;null;;;;;;50747;47296;43474;40612;37632
3P 3,0 i M;;null;null;null;null;;;;;;52686;49103;45102;42133;null
218 i;;null;null;null;null;;;;;;;;;null;null
4P 1,5 T 7SEPT GRAN COUPE ADVANTAGE;;60999;58965;56158;51998;49522;47163;;;;;;;null;null
220 i;;null;null;null;null;;;;;;;;;null;null
COUPE 2,0 T SPORT LINE;;null;null;null;null;;;;;;33679;32815;;null;null
COUPE 2,0 T SPORT 2017;;null;null;null;null;;;43229;37755;35332;;;;null;null
CONV 2,0 T SPORT 2017;;null;null;null;null;;;49645;43358;40577;;;;null;null
COUPE 2,0 T SPORT LCI 8AT;;null;null;null;null;;50157;48032;;;;;;null;null
CONV 2,0 T SPORT LCI 8AT;;null;null;null;null;;57601;55161;;;;;;null;null
COUPE 2,0 T 8AT SPORTLINE LCI 2020;;null;null;null;null;;51154;48987;;;;;;null;null
COUPE 2,0 T 8AT M SPORT LCII 2021;;null;null;60003;55559;52913;;;;;;;;null;null
COUPE 2,0 T 8AT ADVANTAGE 2023;59,900;65890;63233;60999;null;;;;;;;;;null;null
235 i;;null;null;null;null;;;;;;;;;null;null
COUPE 3,0 T M PACKAGE;;null;null;null;null;;;;;;58413;55941;;null;null
318;;null;null;null;null;;;;;;;;;null;null
4P 1,8 i EXECUTIVE;;null;null;null;null;;;;;;;;19498;18215;17266
320;;null;null;null;null;;;;;;;;;null;null
4P 2,0 i EXECUTIVE;;null;null;null;null;;;;;;;;;null;20593
4P 2,0 D EXECUTIVE;;null;null;null;null;;;;;;;;;null;23834
COUPE 2,0 i EXECUTIVE;;null;null;null;null;;;;;;;;;null;23834
4P 2,0 D SPORT/LUXYRY;;null;null;null;null;;;;;;;;;null;27594
4P 2,0 D SPORT/LUXYRY 2013;;null;null;null;null;;;;;;37761;35193;31897;29797;null
4P 2,0 i 2013;;null;null;null;null;;;;;;30895;28795;26491;24747;null
320 i;;null;null;null;null;;;;;;;;;null;null
4P 2,0 T EXECUTIVE;;null;null;null;null;;;;38650;34471;31833;;;null;null
4P 2,0 T SPORTLINE;;null;null;null;null;;;;39473;37066;34229;;;null;null
;0 Km;2025;2024;2023;2022;2021;2020;2019;2018;2017;2016;2015;2014;2013;2012
4P 2,0 T SPORTLINE 2019;;null;null;57914;55156;52530;50029;49406;;;;;;null;null
4P 2,0 T SPORTLINE II;61,900;68090;65839;60962;58059;;;;;;;;;null;null
325;;null;null;null;null;;;;;;;;;null;null
COUPE 2,5 i EXECUTIVE;;null;null;null;null;;;;;;;;29747;27524;25774
COUPE 2,5 i EXECUTIVE TRONIC;;null;null;null;null;;;;;;;;31273;28936;27096
4P 2,5 i EXECUTIVE;;null;null;null;null;;;;;;;;;null;21169
CONV 3,0 i EXECUTIVE;;null;null;null;null;;;;;;;;40390;37372;34996
COUPE 3,0 i SPORTIVE;;null;null;null;null;;;;;;;;35726;33057;null
328;;null;null;null;null;;;;;;;;;null;null
4P 2,0 i SPORT/LUXURY;;null;null;null;null;;;;;;;34318;31049;29005;27566
330;;null;null;null;null;;;;;;;;;null;null
4P 3,0 i EXECUTIVE;;null;null;null;null;;;;;;;;;null;24075
4P 3,0 i EXECUTIVE TRONIC;;null;null;null;null;;;;;;;;;null;25081
4P 2,0 T SPORTLINE 8AT;82,500;90750;81511;76926;71228;67836;64606;60734;;;;;;null;null
4P 2,0 T SPORTLINE 8AT SHADOW;;null;null;null;null;;67836;63770;;;;;;null;null
330e;;null;null;null;null;;;;;;;;;null;null
4P 2,0 T SPORTLINE;;null;81516;77440;null;;;;;;;;;null;null
335;;null;null;null;null;;;;;;;;;null;null
4P 3,0 i 2013;;null;null;null;null;;;;;;50645;47826;44679;41805;null
COUPE 3,0 SPORTIVE BT;;null;null;null;null;;;;;;;;44873;41987;40190
COUPE 3,0 SPORTIVE BT AT;;null;null;null;null;;;;;;;;;null;41894
428 i;;null;null;null;null;;;;;;;;;null;null
COUPE 2,0 T SPORT LINE;;null;null;null;null;;;;;;44842;42747;;null;null
430 i;;null;null;null;null;;;;;;;;;null;null
COUPE 2,0 T SPORT;;null;null;null;null;;;58268;54119;46520;41399;;;null;null
COUPE 2,0 T SPORTLINE LCI 8AT;;null;null;null;null;;71577;66018;;;;;;null;null
COUPE 2,0 T M SPORTPACKAGE 8AT;84,500;92950;88260;83847;77636;73940;;;;;;;;null;null
GRAN COUPE 2,0 T SPORT;;null;null;null;null;;;63116;58621;50390;44843;;;null;null
GRAN COUPE 2,0 T SPORTLINE LCI 8AT;;null;null;null;null;;77532;71510;;;;;;null;null
GRAN COUPE 2,0 T SPORTLINE 8AT 2023;;null;90772;86233;null;;;;;;;;;null;null
435 i;;null;null;null;null;;;;;;;;;null;null
COUPE 3,0 T V6 M PACKAGE;;null;null;null;null;;;;;;60547;55524;;null;null
;0 Km;2025;2024;2023;2022;2021;2020;2019;2018;2017;2016;2015;2014;2013;2012
440 i;;null;null;null;null;;;;;;;;;null;null
COUPE 3,0 T M PACKAGE;;null;null;null;null;;;74582;65423;56237;49045;;;null;null
GRAN COUPE 3,0 T M PACKAGE;;null;null;null;null;;;76011;66677;57314;49985;;;null;null
CABRIO 3,0 T SPORT LINE;;null;null;null;null;;;87688;76919;66119;57663;;;null;null
COUPE 3,0 T M SPORT LCI 8AT;;null;null;null;null;105559;100532;92724;;;;;;null;null
GRAN COUPE 3,0 T MSPORT LCI 8AT;;null;null;null;null;107581;102458;94500;;;;;;null;null
CABRIO 3,0 T M PACKAGE 8AT;;null;null;null;null;124107;118198;109017;;;;;;null;null
CABRIO 3,0 T M SPORT LCI 8AT;;null;null;null;null;124107;118198;109017;;;;;;null;null
525;;null;null;null;null;;;;;;;;;null;null
4P 2,0 D EXECUTIVE;;null;null;null;null;;;;;;43272;39957;35816;32891;30544
528;;null;null;null;null;;;;;;;;;null;null
4P 2,8 i EXECUTIVE;;null;null;null;null;;;;;;;;;null;27925
530;;null;null;null;null;;;;;;;;;null;null
4P 3,0 i EXECUTIVE;;null;null;null;null;;;;;;;;33350;30627;28475
4P 3,0 D EXECUTIVE;;null;null;null;null;;;;;;;;37171;34135;31737
530 i;;null;null;null;null;;;;;;;;;null;null
4P SPORTLINE;;null;null;null;null;65525;62248;57414;;;;;;null;null
535;;null;null;null;null;;;;;;;;;null;null
4P 3,0 i EXECUTIVE;;null;null;null;null;;;;;;45365;36858;33067;30367;27670
5P 3,0 GRAN TURISMO;;null;null;null;null;;;;;;50501;41030;37094;34065;30828
535 i;;null;null;null;null;;;;;;;;;null;null
4P 3,0 T M PACKAGE;;null;null;null;null;;;;;;55279;;;null;null
540 i;;null;null;null;null;;;;;;;;;null;null
4P 3,0 T M PACKAGE;;null;null;null;null;91433;82290;75898;68079;58520;;;;null;null
550;;null;null;null;null;;;;;;;;;null;null
4P 4,4 i PREMIUM;;null;null;null;null;;;;;;;;29671;27248;24751
550e;;null;null;null;null;;;;;;;;;null;null
4P 3,0 8AT XDRIVE M SPORT PRO;159,900;175890;164880;null;null;;BM;W0KM;EN US$;;;;;null;null
640;;null;null;null;null;;;;;;;;;null;null
COUPE 3,0 i SPORTIVE;;null;null;null;null;;;;;;67466;62219;56254;51660;46927
CONV SPORTIVE;;null;null;null;null;;;;;;;;61145;56152;51007
4P GRAN COUPE 3,0 i;;null;null;null;null;;;;;;;;55386;50863;null
;0 Km;2025;2024;2023;2022;2021;2020;2019;2018;2017;2016;2015;2014;2013;2012
640 i;;null;null;null;null;;;;;;;;;null;null
COUPE 3,0 T SPORTIVE;;null;null;null;null;;;;94683;81388;71167;;;null;null
650;;null;null;null;null;;;;;;;;;null;null
COUPE 4,8 Ci PREMIUM;;null;null;null;null;;;;;;;;;null;37268
COUPE 4,8 Ci PREMIUM TRONIC;;null;null;null;null;;;;;;;;;null;38008
650 i;;null;null;null;null;;;;;;;;;null;null
COUPE 4,4 BT 8AT M SPORT;;null;null;null;null;;;90428;75357;64776;;;;null;null
COUPE GRAN 4,4 BT 8AT M SPORT;;null;null;null;null;;;93013;77511;66627;;;;null;null
COUPE GRAN 4,4 V8 BT 8AT M SPORT 2019;;null;null;null;null;;105887;97663;;;;;;null;null
COUPE GRAN 4,4 V8 BT 8AT M SPORT M6 2019;;null;null;null;null;;108914;100454;;;;;;null;null
750;;null;null;null;null;;;;;;;;;null;null
4P 4,8 i PREMIUM TRONIC;;null;null;null;null;;;;;;;;56427;51820;48060
4P 4,8 iA INDIVIDUAL TRONIC;;null;null;null;null;;;;;;;;;null;48594
750 i;;null;null;null;null;;;;;;;;;null;null
4P 4,4 BT 8AT M SPORT EXCELLENCE;;null;null;null;null;;176585;163080;135900;116818;;;;null;null
4P Li XDRIVE M SPORT PURE EXC;;null;null;215651;199677;190168;;;;;;;;null;null
760 i;;null;null;null;null;;;;;;;;;null;null
4P 4,4 BT V8 8AT MILDHYBRID XDRIVE MSPORT PRO;249,900;274890;null;null;null;;;;;;;;;null;null
M1;;null;null;null;null;;;;;;;;;null;null
COUPE;;null;null;null;null;;;;;;;;59061;54238;50270
M2;;null;null;null;null;;;;;;;;;null;null
COUPE 3,0 T;;null;null;null;null;;131522;121307;101089;86895;;;;null;null
COUPE 3,0 BT 8AT 2025;139,900;153890;null;null;null;;;;;;;;;null;null
M3;;null;null;null;null;;;;;;;;;null;null
COUPE 4,0 M SPORT;;null;null;null;null;;;;;;;87559;78855;71692;64969
4P 3,0 BT;;null;null;null;null;;162061;149474;137516;127686;118646;;;null;null
4P COMPETITION MRACE TRACK 510CV;;199177;189693;null;null;;;;;;;;;null;null
M4;;null;null;null;null;;;;;;;;;null;null
COUPE 3,0 BT;;null;null;null;null;;;158878;150934;144715;138854;;;null;null
COUPE 3,0 BT F82 LCI;;null;null;null;null;;;161931;150758;;;;;null;null
COUPE 3,0 BT LCI 2019;;null;null;null;null;;179151;165236;;;;;;null;null
COUPE COMPETITION MRACE TRACK 510CV;;209660;199677;null;null;;;;;;;;;null;null
;0 Km;2025;2024;2023;2022;2021;2020;2019;2018;2017;2016;2015;2014;2013;2012
M5;;null;null;null;null;;;;;;;;;null;null
4P 5,0 SPORT 7 VEL;;null;null;null;null;;;;;;;108371;99099;93850;null
4P 4,4 V8 BT;;null;null;null;null;;175853;161933;141692;128703;116991;;;null;null
4P 35 J;;null;null;null;null;;201598;;;;;;;null;null
4P 4,4 BT 8STEP MXDRIVE PLUG-IN HYBRID;229,900;252890;null;null;null;;;;;;;;;null;null
M6;;null;null;null;null;;;;;;;;;null;null
COUPE 5,0 V10 SPORT;;null;null;null;null;;;;;;;;;null;65306
COUPE GRAN;;null;null;null;null;;;;;;;127990;115679;null;null
COUPE GRAN 4,4 BT 2017;;null;null;null;null;;197500;182160;156767;133237;;;;null;null
COUPE GRAN 4,4 V8 BT 8AT M SPORT M6 2019;;null;null;null;null;;207375;191268;;;;;;null;null
M135;;null;null;null;null;;;;;;;;;null;null
5P 2,0 8AT XDRIVE M PACKAGE;;null;null;80176;74237;70702;67335;59877;;;;;;null;null
5P XDRIVE M PERFORMANCE;;null;88616;84185;77949;;;;;;;;;null;null
5P 2,0 T XDRIVE 8AT 2025;79,900;87890;null;null;null;;;;;;;;;null;null
M140i;;null;null;null;null;;;;;;;;;null;null
3P 3,0 M PACKAGE;;null;null;null;null;;;;52372;47269;;;;null;null
5P 3,0 M PACKAGE;;null;null;null;null;;;63779;53149;47970;;;;null;null
M235i;;null;null;null;null;;;;;;;;;null;null
4P GRAN COUPE 2,0 T 8SEPT XDRIVE;;null;84496;80271;74325;;;;;;;;;null;null
M240i;;null;null;null;null;;;;;;;;;null;null
COUPE 3,0 T 8AT;;null;null;null;null;;;59736;56481;53504;;;;null;null
COUPE 3,0 T 8AT M PERFORMANCE LCI 2020;;null;null;null;75178;71598;68188;66387;;;;;;null;null
COUPE 3,0 T 8AT 388CV XDRIVE 2022;87,900;96690;89738;85252;78937;;;;;;;;;null;null
CONV 3,0 T M PACKAGE 8AT;;null;null;null;null;;;76515;68226;59742;;;;null;null
M340i;;null;null;null;null;;;;;;;;;null;null
4P 3,0 T XDRIVE 8AT;;null;null;null;91565;87204;83052;;;;;;;null;null
4P 3,0 T XDRIVE 8AT PERFORMANCE II;104,900;115390;109299;103834;96143;;;;;;;;;null;null
M440i;;null;null;null;null;;;;;;;;;null;null
COUPE 3,0 T XDRIVE M PERFORMANCE 8AT;;null;null;115181;106649;101571;;;;;;;;null;null
M850i;;null;null;null;null;;;;;;;;;null;null
COUPE 4,4 8AT MPA;;null;null;null;null;152263;145013;129415;;;;;;null;null
X1;;null;null;null;null;;;;;;;;;null;null
;0 Km;2025;2024;2023;2022;2021;2020;2019;2018;2017;2016;2015;2014;2013;2012
5P 1,8 i SDRIVE ACTIVE 4X2;;null;null;null;null;;;;;;;;20014;18380;17678
5P 2,0 i SDRIVE ACTIVE 4X2;;null;null;null;null;;;;;;25220;24873;22591;20747;19954
5P 2,0 d SDRIVE ACTIVE 4X2;;null;null;null;null;;;;;;;;24739;22719;21852
5P 2,0 d XDRIVE ACTIVE 4X4;;null;null;null;null;;;;;;29676;29268;26944;24744;23799
5P 2,0 d XDRIVE ACTIVE 4X4 AT;;null;null;null;null;;;;;;;;28577;26243;25241
5P 2,0 i XDRIVE EXECUTIVE 4X4;;null;null;null;null;;;;;;;;23928;21974;null
5P 2,0 i SDRIVE SPORT LINE;;null;null;null;null;;47602;42980;35817;32187;30101;;;null;null
5P 2,5 i XDRIVE XLINE;;null;null;null;null;;56343;50873;42394;38098;35628;;;null;null
5P 2,8 i XDRIVE EXECUTIVE 4X4;;null;null;null;null;;;;;;;;22591;20747;19954
5P 1,8 i 1,5 T 7AT SDRIVE ADVANTAGE LCI 2020;;null;null;60321;53314;50776;48358;;;;;;;null;null
5P 2,0 i 2,0 T 7AT SDRIVE SPORTLINE LCI 2020;;null;null;64883;57346;54615;52014;;;;;;;null;null
5P 1,8 i SDRIVE XLINE;62,900;69190;63496;null;null;;;;;;;;;null;null
5P 2,0 i SDRIVE XLINE;77,900;85690;75298;null;null;;;;;;;;;null;null
5P 2,0 i SDRIVE BLACK EDITION;77,900;85690;75298;null;null;;;;;;;;;null;null
5P 2,5 i SDRIVE XLINE;89,900;98890;null;null;null;;;;;;;;;null;null
X2;;null;null;null;null;;;;;;;;;null;null
5P 2,0 i T SDRIVE MSPORTX 4X4;;null;null;null;null;;50552;47528;45758;;;;;null;null
5P 2,0 i T SDRIVE MSPORTX 4X4 II;;null;null;65897;61015;58110;;;;;;;;null;null
5P 2,0 T M35I MPA 4X4;;null;88174;83765;77560;71869;66707;60722;;;;;;null;null
5P 2,0 i XDRIVE M SPORT;79,900;87890;80999;null;null;;;;;;;;;null;null
5P 3,0 i XDRIVE M SPORT;96,900;106590;null;null;null;;;;;;;;;null;null
X3;;null;null;null;null;;;;;;;;;null;null
5P 2,0 d XDRIVE ACTIVE;;null;null;null;null;;;;;;;;;null;16908
5P 2,0 d XDRIVE EXECUTIVE;;null;null;null;null;;;;;;32531;29322;26403;24489;23246
5P 2,0 i XDRIVE EXECUTIVE;;null;null;null;null;;;;;;30286;27299;24378;22611;null
5P 2,0 i XDRIVE ACTIVE;;null;null;null;null;;;;41134;33394;;;;null;null
5P 2,5i XDRIVE LIMITED EDITION;;null;null;null;null;;;;;;;;;null;20155
5P 2,8 i XDRIVE EXECUTIVE;;null;null;null;null;;;;;;;;;null;19315
5P 2,8 i XDRIVE XLINE;;null;null;null;null;;;;47108;38243;32930;;;null;null
5P 3,0i XDRIVE XLINE 2018;;null;null;null;null;66370;63210;58732;49724;;;;;null;null
5P 3,5 i XDRIVE EXECUTIVE;;null;null;null;null;;;;;;39470;34334;30677;28454;27009
5P 3,5 i XDRIVE M PACKAGE;;null;null;null;null;;;;65616;53269;46624;;;null;null
;0 Km;2025;2024;2023;2022;2021;2020;2019;2018;2017;2016;2015;2014;2013;2012
5P 4,0i M XDRIVE 2018;;null;null;null;null;;101456;89379;74483;;;;;null;null
5P M 480CV;;null;null;null;null;109865;;;;;;;;null;null
5P 2,0 i XDRIVE LCI XLINE;;null;83495;79320;73444;;;;;;;;;null;null
5P 3,0 i XDRIVE LCI XLINE 252CV;;null;89339;84872;78586;;;;;;;;;null;null
5P 3,0 i XDRIVE LCI XLINE 292CV;;null;98659;null;null;;;;;;;;;null;null
5P 2,0 T XDRIVE 8AT MILDHYBRID;91,900;101090;null;null;null;;;;;;;;;null;null
5P 3,0 T XDRIVE 8AT MILDHYBRID M50;137,900;151690;null;null;null;;;;;;;;;null;null
X4;;null;null;null;null;;;;;;;;;null;null
5P 2,8i XDRIVE XLINE;;null;null;null;null;;;64835;54029;46443;38434;35438;;null;null
5P 3,5i XDRIVE M PACKAGE;;null;null;null;null;;;83797;71413;60026;51573;47554;;null;null
5P 2,0 T XLINE 3,0i 8AT XDRIVE;;null;null;104186;96468;91875;87500;81112;;;;;;null;null
5P 3,0 M40i 8AT XDRIVE;;null;null;128627;119099;113428;108027;91603;;;;;;null;null
5P 3,0 XDRIVE MSPORT;106,900;117590;104856;null;null;;;;;;;;;null;null
X5;;null;null;null;null;;;;;;;;;null;null
5P 3,0d XDRIVE EXECUTIVE;;null;null;null;null;;;;;;;;41122;37764;34459
5P 3,5 i XDRIVE EXECUTIVE;;null;null;null;null;;;;;;;;36399;33427;30501
5P 5,0 i XDRIVE PREMIUM;;null;null;null;null;;;;;;;;44832;41171;37568
5P M 555CV AT;;null;null;null;null;;;;;;;;60350;55422;50571
5P 3,5 i XDRIVE PURE EXCELLENCE;;null;null;null;null;;;;;56142;50911;49216;;null;null
5P 5,0 i XDRIVE M PACKAGE;;null;null;null;null;;;;;74872;67896;65635;;null;null
5P 4,0 D XDRIVE PURE EXCELLENCE;;null;null;null;null;;;;;;;58123;;null;null
5P 4,0 D XDRIVE M PAKCAGE;;null;null;null;null;;;;;67848;61526;;;null;null
5P 3,0 T 35i XDRIVE EXCELLENCE 8AT;;null;null;null;null;;;88039;75475;66714;;;;null;null
5P 3,0 BT 40d XDRIVE M SPORT 8AT;;null;null;null;null;;;101594;87096;76985;;;;null;null
5P 4,4 BT 50i XDRIVE M SPORT 8AT;;null;null;null;null;;;111760;95811;84689;;;;null;null
5P 4,4 BT XDRIVE M 8ATM;;null;null;null;null;;;149036;127768;112936;;;;null;null
5P 4,4 BT XDRIVE SECURITY 8ATM;;null;null;null;null;;;179535;153914;136047;;;;null;null
5P 3,0 T XDRIVE XLINE 8AT;;null;null;145661;134871;128448;122332;111526;;;;;;null;null
5P 4,0 i XDRIVE M SPORT PRO;179,900;197890;185881;null;null;;;;;;;;;null;null
X6;;null;null;null;null;;;;;;;;;null;null
5P 3,0 D XDRIVE SPORTIVE;;null;null;null;null;;;;;;;62937;58200;51365;47292
5P 3,5 i XDRIVE;;null;null;null;null;;;;;;;55578;51406;45369;41771
;0 Km;2025;2024;2023;2022;2021;2020;2019;2018;2016;null;2015;2014;2013;2012
5P 3,5 i XDRIVE PURE EXTRAVAGANCE;;null;null;null;null;;;null;null;56830;null;;;null;null
5P 5,0 i XDRIVE PREMIUM;;null;null;null;null;;;null;null;;null;68666;63512;56053;51608
5P 5,0 i XDRIVE M PACKAGE;;null;null;null;null;;;null;null;75485;null;;;null;null
5P M 555CV AT;;null;null;null;null;;;null;null;;null;87828;81235;71695;66838
5P 3,0 T 35i XDRIVE EXTRAVAGANCE 8AT;;null;null;null;null;;112358;106659;91438;;null;;;null;null
5P 4,4 BT 50i XDRIVE M SPORT 8AT;;null;null;null;null;;141510;134332;115162;;null;;;null;null
5P 4,4 BT 50i M PACKAGE 8AT;;null;null;null;null;156090;148585;141049;null;;null;;;null;null
5P 4,4 BT XDRIVE M 8ATM;;null;null;null;null;;211110;200403;171804;;null;;;null;null
5P 4,0 i XDRIVE MSPORT;;null;null;169068;156544;149090;;null;null;;null;;;null;null
5P M 600CV;;null;null;223540;206981;197125;;null;null;;null;;;null;null
5P 4,0 i XDRIVE LCI MSPORT PRO MILD HYBRID;189,900;208890;186602;null;null;;;null;null;;null;;;null;null
5P M COMPETITION 626CV;264,900;291390;null;null;null;;;null;null;;null;;;null;null
X7;null;null;null;null;null;null;null;null;null;null;null;null;null;null;null
5P M50I M PERFORMANCE;;null;null;218606;202413;192774;;null;BM;EN US$;null;;;null;null
5P M60I XDRIVE MILD HYBRID;259,900;285890;257301;null;null;;;null;null;;null;;;null;null
Z4;;null;null;null;null;;;null;null;;null;;;null;null
ROADSTER 2,3 i ACTIVE;;null;null;null;null;;;null;null;;null;;;null;52688
ROADSTER 3,0 i EXECUTIVE;;null;null;null;null;;;null;null;;null;;;null;62185
ROADSTER 3,0 i EXECUTIVE TRONIC;;null;null;null;null;;;null;null;;null;;;null;65972
ROADSTER 2,0 i EXECUTIVE;;null;null;null;null;;;null;null;;null;67233;61479;57432;53218
ROADSTER 2,8 i EXECUTIVE TRONIC;;null;null;null;null;;;null;null;;null;;71850;67121;62196
ROADSTER 3,5 i EXECUTIVE;;null;null;null;null;;;null;null;;null;81166;79135;77210;null
ROADSTER 3,5 IS M PACKAGE;;null;null;null;null;;;111257;96263;82124;null;;;null;null
ROADSTER 3,5 I M PACKAGE;;null;null;null;null;;;112583;97410;83103;null;;;null;null
ROADSTER 2,0 T SDRIVE 3,0 i M SPORT 8AT;;null;null;141296;134231;127839;121751;120363;null;;null;;;null;null
ROADSTER 2,0 T SDRIVE 3,0 i M SPORT 8AT THE;111,900;123090;null;null;null;;;null;null;;null;;;null;null
;;null;null;null;null;;;null;null;;null;;;null;null
BYD;;null;null;null;null;;;null;null;;null;;;null;null
DOLPHIN MINI;;null;null;null;null;;;null;null;;null;;;null;null
5P GL ELECTRICO AT;22,990;24140;null;null;null;null;null;B;YD0KM;null;null;null;null;null;null
5P GS ELECTRICO AT;23,990;25190;null;null;null;null;null;null;null;null;null;null;null;null;null
SONG PRO DMI;;null;null;null;null;;;null;null;;null;;;null;null
;0 Km;2025;2024;2023;2022;2021;2020;2019;2018;2017;2016;2015;2014;2013;2012
5P 1,5 GL HIBRIDO AT;34,990;36740;null;null;null;;;;;;;;;null;null
5P 1,5 GS HIBRIDO AT;36,990;38840;null;null;null;;;;;;;;;null;null
YUAN PRO;;null;null;null;null;;;;;;;;;null;null
5P GL ELECTRICO AT;29,990;31490;null;null;null;;;;;;;;;null;null
5P GS ELECTRICO AT;30,990;32540;null;null;null;;;;;;;;;null;null
;;null;null;null;null;;;;;;;;;null;null
CHANGAN;;null;null;null;null;;;;;;;;;null;null
CS15;;null;null;null;null;;;;;;;;;null;null
5P 1,5 COMFORT MT;;null;null;null;null;15463;14690;14262;;;;;;null;null
5P 1,5 COMFORT AT;;null;null;null;null;16822;15981;15516;;;;;;null;null
5P 1,5 LUXURY AT;;null;null;null;null;18275;17361;16855;;;;;;null;null
CS55;;null;null;null;null;;;;;CHAN G;AN0KM;EN US$;;null;null
5P 1,5 PLUS PHEV HIBRIDO;32,000;34540;null;null;null;;;;;;;;;null;null
CS75;;null;null;null;null;;;;;;;;;null;null
5P 1,8 T ELITE 6AT;;null;null;null;null;29793;28303;27479;;;;;;null;null
5P 1,8 T LUXURY 6AT 4WD;;null;null;null;null;34947;33200;32233;;;;;;null;null
M;;null;null;null;null;;;;;;;;;null;null
201 1,3 CARGO VAN;;21767;20730;19743;18281;17410;16540;16058;;;;;;null;null
MD;;null;null;null;null;;;;;;;;;null;null
201 1,3 CARGO BOX;;23361;22248;21189;19619;18685;17751;17234;;;;;;null;null
201 1,3 CARGO REFRIGERADO;;27248;25950;24714;null;;;;;;;;;null;null
201 1,3 PICK UP;;16626;15835;15080;13963;13298;12634;12266;;;;;;null;null
;;null;null;null;null;;;;;;;;;null;null
CHERY;;null;null;null;null;;;;;;;;;null;null
ARRIZO 5;;null;null;null;null;;;;;;;;;null;null
4P 1,5 COMFORT MT;;null;null;null;null;14968;14220;13415;12185;10497;;;;null;null
4P 1,5 LUXURY MT;;null;null;null;null;17432;16561;15623;14190;12225;;;;null;null
4P 1,5 LUXURY 7CVT;;null;null;null;null;17432;16561;15623;14190;12225;;;;null;null
FACE;;null;null;null;null;;;;;;;;;null;null
5P 1,3 LUXURY;;null;null;null;null;;;;;;;8202;7892;7521;7302
FULWIN;;null;null;null;null;;;;;;;;;null;null
5P 1,5;;null;null;null;null;;;;;;;8096;7789;7423;null
;2025;2024;2023;2022;2021;null;2020;2019;2018;2017;2016;2014;2013;null;2012
4P 1,5;;null;null;null;null;null;;;;;;7789;7423;null;null
5P 1,5 2;;null;null;null;13983;null;13283;12531;11382;9806;8957;;;null;null
4P 1,5 2;;null;null;null;13983;null;13283;12531;11382;9806;8957;;;null;null
QQ;;null;null;null;null;null;;;;;;;;null;null
5P 1,1 BASIC;;null;null;null;null;null;;;;;;6536;6229;null;6048
5P 1,1 LIGHT;;null;null;null;null;null;;;;;;7457;7106;null;6900
5P 1,1 LIGHT SECURITY;;null;null;null;null;null;;;;;8672;8030;;null;null
5P 1,1 COMFORT;;null;null;null;null;null;;;;;;8091;7711;null;7487
5P 1,1 COMFORT SECURITY;;null;null;null;null;null;;;;;9338;8673;;null;null
5P 1,0 LIGHT SECURITY (LN);;null;null;12855;12243;null;11630;11220;10229;9942;9522;;;null;null
5P 1,0 COMFORT SECURITY (LN);;null;null;null;13701;null;13016;12557;11448;11127;10634;;;null;null
SKIN;;null;null;null;null;null;;;;;;;;null;null
5P 1,6;;null;null;null;null;null;;;;;;7660;7300;null;6967
4P 1,6;;null;null;null;null;null;;;;;;7660;7300;null;6967
TIGGO;;null;null;null;null;null;;;;;;;;null;null
5P 2,0 4X2 COMFORT;;null;null;null;null;null;;;;;;;10681;null;10545
5P 2,0 4X4 LUXURY;;null;null;null;null;null;;;;;;;11501;null;11355
5P 2,0 4X2 COMFORT MT 2013;;null;null;null;null;null;;;;;12965;11682;11323;null;null
5P 2,0 4X2 LUXURY AT 2013;;null;null;null;null;null;;;;;14240;13115;12712;null;null
5P 2,0 4X4 LUXURY MT 2013;;null;null;null;null;null;;;;;14423;13382;12971;null;null
5P 1,6 4X2 COMFORT;;null;null;null;null;null;;;;;11418;;;null;null
TIGGO 2;;null;null;null;null;null;;;;;;;;null;null
5P 1,5 4X2 COMFORT MT;;null;null;17105;16291;null;15476;15016;14021;;;;;null;null
5P 1,5 4X2 COMFORT AT;;null;null;20122;19164;null;18206;;;;;;;null;null
5P 1,5 4X2 LUXURY MT;;null;null;19142;18230;null;17319;16804;15690;;;;;null;null
5P 1,5 4X2 COMFORT MT PRO;25858;24626;22164;20522;19545;null;null;null;null;null;null;null;null;null;null
5P 1,5 4X2 COMFORT CVT PRO;28586;27225;24503;22688;21607;null;;;;;;ERY 0KM;;;null
5P 1,5 4X2 LUXURY MT PRO;26561;25296;22766;21080;20076;null;;;;;;;;null;null
5P 1,5 4X2 STD PRO;23905;22766;null;null;null;null;;;;;;;;null;null
5P 1,5 4X2 CONFORT PRO MAX;26125;null;null;null;null;null;;;;;;;;null;null
5P 1,5 4X2 CONFORT PRO MAX CVT9;28738;null;null;null;null;null;;;;;;;;null;null
TIGGO 3;;null;null;null;null;null;;;;;;;;null;null
;0 Km;2025;2024;2023;2022;2021;2020;2019;2018;2017;2016;2015;2014;2013;2012
5P 1,6 4X2 COMFORT FL;;null;null;20167;18673;17784;16894;16038;14976;13258;12094;;;null;null
5P 1,6 4X2 COMFORT;;null;null;null;null;;;;15764;13956;12731;;;null;null
5P 1,6 4X2 LUXURY;;null;null;null;null;19540;18563;17650;16481;14590;;;;null;null
5P 1,6 4X2 LUXURY CVT;;null;null;null;null;20883;19838;18688;17450;15448;;;;null;null
TIGGO 4;;null;null;null;null;;;;;;;;;null;null
5P 2,0 4X2 COMFORT MT;;null;null;null;17586;16749;;;;;;;;null;null
5P 2,0 4X2 COMFORT CVT;;null;null;null;20993;19993;;;;;;;;null;null
5P 1,5 4X2 COMFORT MT PRO;;26880;25600;20736;19200;18286;;;;;;;;null;null
5P 1,5 4X2 COMFORT CVT PRO;;29987;28559;23133;21419;20399;;;;;;;;null;null
5P 1,5 T 4X2 LUXURY CVT PRO;;32518;30969;25085;23227;;;;;;;;;null;null
5P 1,5 4X2 HEV PREMIUM HYBRID;33,500;35008;null;null;null;;;;;;;;;null;null
TIGGO 5;;null;null;null;null;;;;;;;;;null;null
5P 2,0 4X2 COMFORT MT;;null;null;null;null;;;;17338;15349;14005;;;null;null
5P 2,0 4X2 COMFORT CVT;;null;null;null;null;;;;18820;16661;15355;;;null;null
5P 2,0 4X2 LUXURY CVT;;null;null;null;null;;;;20093;17788;16286;;;null;null
5P 2,0 4X2 COMFORT MT 2018;;null;null;23929;22157;21102;20047;18817;17777;15738;;;;null;null
5P 2,0 4X2 COMFORT CVT 2018;;null;null;null;null;22042;20940;19767;18641;16502;;;;null;null
5P 2,0 4X2 LUXURY 2018;;null;null;null;null;22922;21776;20513;19154;;;;;null;null
5P 2,0 4X2 LUXURY CVT 2018;;null;null;null;null;23933;22736;21417;20245;18291;;;;null;null
TIGGO 7;;null;null;null;null;;;;;;;;;null;null
5P 1,5 T 4X2 PREMIUM CVT PRO HYBRID;32,900;37202;null;null;null;;;;;;;;;null;null
TIGGO 8;;null;null;null;null;;;;;;;;;null;null
5P 1,6 T 4X2 LUXURY CVT PRO ADAS;;38528;36694;32989;null;;;;;;;;;null;null
5P 1,6 T 4X2 LUXURY CVT PRO ADAS 2026;46,600;51832;null;null;null;;;;;;;;;null;null
;;null;null;null;null;;;;;;;;;null;null
CHEVROLET;;null;null;null;null;;;;;;;;;null;null
AGILE;;null;null;null;null;;;;;;;;;null;null
5P 1,4 LS;;null;null;null;null;;;;;;;;;null;10016
5P 1,4 LT;;null;null;null;null;;;;;;;;;null;10758
5P 1,4 LTZ;;null;null;null;null;;;;;;;;;null;11127
5P 1,4 LS SPIRIT;;null;null;null;null;;;;;;;;;10407;10090
5P 1,4 LT SPIRIT;;null;null;null;null;;;;;;;;;11135;10800
;0 Km;2025;2024;2023;2022;2021;2020;2019;2018;2017;2016;2015;2014;2013;2012
5P 1,4 LTZ SPIRIT;;null;null;null;null;;;;;;;;;11477;11209
5P 1,4 LS ABG ABS 2014;;null;null;null;null;;;;;13422;12373;11721;11314;11012;null
5P 1,4 LT ABG ABS 2014;;null;null;null;null;;;;;14146;13098;12415;12001;11638;null
5P 1,4 LT ABG ABS LLANTAS 2014;;null;null;null;null;;;;;;;12558;12160;null;null
5P 1,4 LTZ ABG ABS 2014;;null;null;null;null;;;;;;;12747;12398;12039;null
5P 1,4 LTZ ABG ABS EFFECT 2014;;null;null;null;null;;;;;;13530;12986;12557;null;null
AVEO;;null;null;null;null;;;;;;;;;null;null
4P 1,6 16V LS G3;;null;null;null;null;;;;;;;;9789;8987;8725
4P 1,6 16V LT G3;;null;null;null;null;;;;;;;;10280;9549;9271
4P 1,6 16V LT G3 AT;;null;null;null;null;;;;;;;;10611;9937;9648
